sumlevel,program,program_label,sub_program,name,code,total_units,pct_occupied,number_reported,pct_reported,months_since_report,pct_movein,people_per_unit,people_total,rent_per_month,spending_per_month,hh_income,person_income,pct_lt5k,pct_5k_lt10k,pct_10k_lt15k,pct_15k_lt20k,pct_ge20k,pct_wage_maj,pct_welf_maj,pct_other_maj,pct_median,pct_lt50_median,pct_lt30_median,pct_2adults,pct_1adult,pct_female_head,pct_female_head_child,pct_disabled_lt62,pct_disabled_ge62,pct_disabled_all,pct_lt24_head,pct_age25_50,pct_age51_61,pct_age62plus,pct_age85plus,pct_minority_raw,pct_black,pct_native_american,pct_asian,pct_hispanic,months_waiting,months_from_movein,pct_utility_allow,ave_util_allow,pct_bed1,pct_bed2,pct_bed3,pct_overhoused,tminority,tpoverty,tpct_ownsfd,fedhse,msa,placefips,latitude,longitude,state,pha_total_units,ha_size,County_norm,pct_white_nothsp_raw,pct_minority,pct_white_nothsp,HUD_race_pct_error,imputed_from_prev
9,1,All HUD,-1,androscoggin County,23001,-1,-1,3723,-1,5,20,2.0,7508,267,465,11.6,5.7,10,42,28,12,9,16,13,68,25,93,69,12,23,74,31,46,22,21,8,42,15,34,6,14,12,0,0,1,14,55,70,27,50,29,22,11,6,23,24,-1,-1,-1,-1,-1,ME,-1,-1,androscoggin me,86,14,86,0,0
9,1,All HUD,-1,Aroostook County,23003,-1,-1,1724,-1,5,21,1.8,3069,247,441,11.0,6.2,10,48,24,11,7,16,10,70,26,90,63,11,21,73,27,48,32,27,8,41,17,33,5,3,1,1,0,1,10,63,47,16,46,33,21,19,4,15,53,-1,-1,-1,-1,-1,ME,-1,-1,aroostook me,97,3,97,0,0
9,1,All HUD,-1,Cumberland County,23005,-1,-1,7139,-1,5,15,1.9,13273,304,585,13.2,7.1,6,37,26,16,15,22,9,68,24,95,71,11,19,72,26,52,21,24,4,40,18,38,6,14,8,1,3,2,14,73,48,22,57,24,19,9,8,14,34,-1,-1,-1,-1,-1,ME,-1,-1,cumberland me,86,14,86,0,0
9,1,All HUD,-1,Franklin County,23007,-1,-1,301,-1,5,19,1.7,519,272,499,11.4,6.6,6,46,26,15,7,10,9,79,24,76,48,9,19,80,26,61,29,32,5,41,15,39,8,1,0,0,0,1,7,62,66,20,50,27,22,19,1,11,36,-1,-1,-1,-1,-1,ME,-1,-1,franklin me,99,1,99,0,0
9,1,All HUD,-1,Hancock County,23009,-1,-1,785,-1,6,25,1.6,1246,268,434,11.8,7.5,11,37,30,13,9,15,5,75,22,74,51,7,21,75,25,48,19,25,5,37,15,42,7,1,0,0,0,1,7,62,49,13,60,30,10,10,2,8,46,-1,-1,-1,-1,-1,ME,-1,-1,hancock me,99,1,99,0,0
9,1,All HUD,-1,Kennebec County,23011,-1,-1,2297,-1,5,18,1.7,3842,263,418,11.2,6.7,5,49,27,12,7,12,8,79,25,94,69,8,18,72,23,66,27,34,5,42,17,35,5,3,1,0,0,1,19,60,48,22,56,27,17,14,4,16,40,-1,-1,-1,-1,-1,ME,-1,-1,kennebec me,97,3,97,0,0
9,1,All HUD,-1,Knox County,23013,-1,-1,509,-1,5,15,1.7,851,266,551,11.5,6.9,6,43,28,16,7,13,11,75,27,92,65,9,19,73,25,50,25,25,5,34,16,45,9,1,0,0,0,0,14,56,55,57,59,26,15,10,2,13,49,-1,-1,-1,-1,-1,ME,-1,-1,knox me,99,1,99,0,0
9,1,All HUD,-1,Lincoln County,23015,-1,-1,267,-1,6,16,1.5,393,258,524,11.1,7.7,7,48,24,15,7,14,4,81,25,93,65,2,19,74,20,57,27,30,7,27,16,50,7,1,0,0,0,0,29,64,30,3,68,21,10,9,2,10,63,-1,-1,-1,-1,-1,ME,-1,-1,lincoln me,99,1,99,0,0
9,1,All HUD,-1,Oxford County,23017,-1,-1,785,-1,4,16,2.0,1578,249,505,10.4,5.2,13,48,21,11,7,14,15,69,25,90,66,11,29,75,35,50,34,26,8,50,17,24,3,1,0,0,0,0,5,61,76,43,39,32,29,18,2,13,52,-1,-1,-1,-1,-1,ME,-1,-1,oxford me,99,1,99,0,0
9,1,All HUD,-1,Penobscot County,23019,-1,-1,2845,-1,5,21,1.8,5050,272,478,12.1,6.8,7,46,25,11,11,20,9,70,26,90,68,11,23,75,30,53,26,27,8,44,16,33,5,4,1,1,0,1,12,60,26,29,54,25,21,10,5,19,37,-1,-1,-1,-1,-1,ME,-1,-1,penobscot me,96,4,96,0,0
9,1,All HUD,-1,Piscataquis County,23021,-1,-1,191,-1,6,14,1.8,347,242,542,11.3,6.1,8,46,24,13,9,10,9,77,24,75,51,10,22,74,28,57,14,27,5,43,16,36,8,1,0,1,0,0,13,63,52,23,42,42,16,18,2,14,64,-1,-1,-1,-1,-1,ME,-1,-1,piscataquis me,99,1,99,0,0
9,1,All HUD,-1,Sagadahoc County,23023,-1,-1,697,-1,4,14,1.8,1280,309,467,13.0,7.1,6,39,24,15,15,22,8,68,24,84,61,10,23,75,30,50,33,26,8,44,15,33,4,2,2,0,0,0,9,56,67,44,47,37,16,13,5,11,50,-1,-1,-1,-1,-1,ME,-1,-1,sagadahoc me,98,2,98,0,0
9,1,All HUD,-1,Somerset County,23025,-1,-1,503,-1,5,19,1.9,953,248,509,9.9,5.3,13,54,20,7,6,11,14,73,23,87,68,10,24,77,30,56,52,31,7,49,18,26,2,1,0,0,0,0,10,62,62,68,45,30,25,18,2,12,46,-1,-1,-1,-1,-1,ME,-1,-1,somerset me,99,1,99,0,0
9,1,All HUD,-1,Waldo County,23027,-1,-1,244,-1,5,10,1.8,433,268,509,11.1,6.2,7,43,32,12,6,13,10,75,27,92,60,10,17,75,24,65,32,34,2,40,19,39,2,0,0,0,0,0,21,71,71,50,44,35,21,21,3,12,48,-1,-1,-1,-1,-1,ME,-1,-1,waldo me,100,0,100,0,0
9,1,All HUD,-1,Washington County,23029,-1,-1,360,-1,6,17,1.6,592,245,574,10.5,6.4,9,54,21,11,5,14,6,77,22,78,58,7,20,68,24,63,27,33,4,43,17,36,4,2,0,0,1,1,14,57,56,29,57,28,15,13,4,18,56,-1,-1,-1,-1,-1,ME,-1,-1,washington me,98,2,98,0,0
9,1,All HUD,-1,York County,23031,-1,-1,2871,-1,5,15,1.7,4858,280,564,12.2,7.2,9,39,27,14,12,13,8,76,22,87,66,7,20,75,25,54,19,26,5,38,15,42,6,2,1,0,0,1,22,59,50,17,54,30,16,14,3,12,41,-1,-1,-1,-1,-1,ME,-1,-1,york me,98,2,98,0,0
9,1,All HUD,-1,Missing County,23999,-1,-1,5,-1,-4,-4,-4.0,-4,-4,-4,-4.0,-4.0,-4,-4,-4,-4,-4,-4,-4,-4,-4,-4,-4,-4,-4,-4,-4,-4,-4,-4,-4,-4,-4,-4,-4,-4,-4,-4,-4,-4,-4,-4,-4,-4,-4,-4,-4,-4,-4,-4,-4,-1,-1,-1,-1,-1,ME,-1,-1,nan me,-4,-4,-4,0,0
9,5,S8 NC/SR,-1,androscoggin County,23001,1049,99,1059,100,6,14,1.8,1894,251,654,11.8,6.6,9,39,30,13,9,10,14,73,27,91,62,8,18,75,23,38,13,15,9,27,12,52,10,18,16,0,0,1,-1,57,50,30,61,22,17,11,8,33,13,-1,-1,-1,-1,-1,ME,-1,-1,androscoggin me,82,18,82,0,0
9,6,S236,-1,androscoggin County,23001,0,0,0,-4,-4,-4,-4.0,-4,-4,-4,-4.0,-4.0,-4,-4,-4,-4,-4,-4,-4,-4,-4,-4,-4,-4,-4,-4,-4,-4,-4,-4,-4,-4,-4,-4,-4,-4,-4,-4,-4,-4,-1,-4,-4,-4,-4,-4,-4,-4,-4,-4,-4,-1,-1,-1,-1,-1,ME,-1,-1,androscoggin me,-4,-4,-4,0,0
9,7,MF/Other,-1,androscoggin County,23001,200,98,185,99,6,14,2.3,423,209,524,10.6,4.6,32,28,23,10,6,24,21,40,19,95,75,16,38,72,46,19,29,10,26,46,9,18,3,35,34,0,0,1,-1,37,22,6,40,34,26,5,6,21,27,-1,-1,-1,-1,-1,ME,-1,-1,androscoggin me,65,35,65,0,0
9,5,S8 NC/SR,-1,Aroostook County,23003,484,98,440,93,4,8,1.4,600,242,660,11.2,8.2,4,48,30,14,4,8,4,87,30,91,55,5,10,75,12,60,11,23,4,20,14,62,15,1,0,1,0,0,-1,73,24,17,70,19,10,13,4,13,54,-1,-1,-1,-1,-1,ME,-1,-1,aroostook me,99,1,99,0,0
9,6,S236,-1,Aroostook County,23003,0,0,0,-4,-4,-4,-4.0,-4,-4,-4,-4.0,-4.0,-4,-4,-4,-4,-4,-4,-4,-4,-4,-4,-4,-4,-4,-4,-4,-4,-4,-4,-4,-4,-4,-4,-4,-4,-4,-4,-4,-4,-1,-4,-4,-4,-4,-4,-4,-4,-4,-4,-4,-1,-1,-1,-1,-1,ME,-1,-1,aroostook me,-4,-4,-4,0,0
9,7,MF/Other,-1,Aroostook County,23003,58,97,32,100,7,13,1.1,34,238,331,11.0,10.3,0,50,31,13,6,0,0,100,32,91,56,0,0,53,0,100,10,38,0,13,22,66,3,3,0,0,0,3,-1,72,0,0,100,0,0,0,2,11,59,-1,-1,-1,-1,-1,ME,-1,-1,aroostook me,97,3,97,0,0
9,5,S8 NC/SR,-1,Cumberland County,23005,1591,99,1555,100,6,8,1.2,1907,286,714,13.2,10.7,2,36,31,19,13,6,2,92,26,93,64,2,4,74,5,80,13,30,2,15,15,68,13,2,1,0,0,0,-1,80,21,22,85,13,3,3,7,14,31,-1,-1,-1,-1,-1,ME,-1,-1,cumberland me,98,2,98,0,0
9,6,S236,-1,Cumberland County,23005,200,96,105,99,7,18,1.0,110,264,166,12.5,11.9,0,27,47,25,2,0,0,100,26,100,67,0,0,56,0,92,10,28,2,8,14,76,13,2,0,0,1,1,-1,68,0,0,100,0,0,0,5,7,40,-1,-1,-1,-1,-1,ME,-1,-1,cumberland me,98,2,98,0,0
9,7,MF/Other,-1,Cumberland County,23005,574,97,503,100,5,11,1.9,957,317,570,14.1,7.4,7,29,24,19,20,29,8,63,26,95,65,12,24,77,31,34,14,15,11,38,10,41,5,10,7,0,1,1,-1,64,49,24,42,39,18,14,6,13,31,-1,-1,-1,-1,-1,ME,-1,-1,cumberland me,90,10,90,0,0
9,5,S8 NC/SR,-1,Franklin County,23007,146,95,140,100,4,9,1.2,170,270,551,12.3,10.1,1,43,34,11,11,5,1,93,31,79,44,2,4,76,6,79,29,38,1,19,11,69,16,0,0,0,0,0,-1,70,54,21,79,15,6,12,1,8,32,-1,-1,-1,-1,-1,ME,-1,-1,franklin me,100,0,100,0,0
9,6,S236,-1,Franklin County,23007,0,0,0,-4,-4,-4,-4.0,-4,-4,-4,-4.0,-4.0,-4,-4,-4,-4,-4,-4,-4,-4,-4,-4,-4,-4,-4,-4,-4,-4,-4,-4,-4,-4,-4,-4,-4,-4,-4,-4,-4,-4,-1,-4,-4,-4,-4,-4,-4,-4,-4,-4,-4,-1,-1,-1,-1,-1,ME,-1,-1,franklin me,-4,-4,-4,0,0
9,7,MF/Other,-1,Franklin County,23007,5,100,5,-4,-4,-4,-4.0,-4,-4,-4,-4.0,-4.0,-4,-4,-4,-4,-4,-4,-4,-4,-4,-4,-4,-4,-4,-4,-4,-4,-4,-4,-4,-4,-4,-4,-4,-4,-4,-4,-4,-4,-1,-4,-4,-4,-4,-4,-4,-4,-4,-4,-4,-1,-1,-1,-1,-1,ME,-1,-1,franklin me,-4,-4,-4,0,0
9,5,S8 NC/SR,-1,Hancock County,23009,167,93,124,87,6,16,1.1,141,248,658,11.2,9.9,3,46,32,13,6,6,0,94,22,69,47,2,1,67,2,87,13,35,2,19,15,64,10,2,0,1,0,1,-1,81,6,13,90,9,2,6,1,5,33,-1,-1,-1,-1,-1,ME,-1,-1,hancock me,98,2,98,0,0
9,6,S236,-1,Hancock County,23009,0,0,0,-4,-4,-4,-4.0,-4,-4,-4,-4.0,-4.0,-4,-4,-4,-4,-4,-4,-4,-4,-4,-4,-4,-4,-4,-4,-4,-4,-4,-4,-4,-4,-4,-4,-4,-4,-4,-4,-4,-4,-1,-4,-4,-4,-4,-4,-4,-4,-4,-4,-4,-1,-1,-1,-1,-1,ME,-1,-1,hancock me,-4,-4,-4,0,0
9,7,MF/Other,-1,Hancock County,23009,0,0,0,-4,-4,-4,-4.0,-4,-4,-4,-4.0,-4.0,-4,-4,-4,-4,-4,-4,-4,-4,-4,-4,-4,-4,-4,-4,-4,-4,-4,-4,-4,-4,-4,-4,-4,-4,-4,-4,-4,-4,-1,-4,-4,-4,-4,-4,-4,-4,-4,-4,-4,-1,-1,-1,-1,-1,ME,-1,-1,hancock me,-4,-4,-4,0,0
9,5,S8 NC/SR,-1,Kennebec County,23011,528,98,517,100,6,13,1.4,729,261,599,11.9,8.5,4,39,36,15,7,7,4,87,28,91,61,6,10,78,14,62,11,21,4,21,9,66,13,4,2,0,2,1,-1,76,25,25,75,15,10,7,5,13,44,-1,-1,-1,-1,-1,ME,-1,-1,kennebec me,96,4,96,0,0
9,6,S236,-1,Kennebec County,23011,100,99,103,100,4,5,1.1,115,281,451,12.8,11.5,2,37,32,18,11,1,0,98,32,90,52,0,0,75,0,100,18,30,2,5,12,82,8,1,1,0,0,0,-1,64,0,0,88,12,0,5,3,18,32,-1,-1,-1,-1,-1,ME,-1,-1,kennebec me,99,1,99,0,0
9,7,MF/Other,-1,Kennebec County,23011,230,98,120,99,5,10,1.5,183,269,442,12.4,8.1,6,28,46,14,7,13,8,78,29,96,53,6,18,78,20,31,2,8,12,19,2,68,9,2,2,0,0,0,-1,39,68,28,66,30,4,5,4,16,39,-1,-1,-1,-1,-1,ME,-1,-1,kennebec me,98,2,98,0,0
9,5,S8 NC/SR,-1,Knox County,23013,220,97,223,100,6,10,1.6,355,279,661,12.3,7.8,7,37,29,17,10,11,10,78,28,88,58,7,16,73,21,46,19,21,5,22,17,56,10,0,0,0,0,0,-1,69,47,71,62,26,12,11,3,13,46,-1,-1,-1,-1,-1,ME,-1,-1,knox me,100,0,100,0,0
9,6,S236,-1,Knox County,23013,0,0,0,-4,-4,-4,-4.0,-4,-4,-4,-4.0,-4.0,-4,-4,-4,-4,-4,-4,-4,-4,-4,-4,-4,-4,-4,-4,-4,-4,-4,-4,-4,-4,-4,-4,-4,-4,-4,-4,-4,-4,-1,-4,-4,-4,-4,-4,-4,-4,-4,-4,-4,-1,-1,-1,-1,-1,ME,-1,-1,knox me,-4,-4,-4,0,0
9,7,MF/Other,-1,Knox County,23013,85,89,77,100,6,21,1.0,79,258,345,12.1,11.8,1,36,36,22,4,0,0,100,32,94,51,0,0,75,0,100,15,20,0,4,3,94,23,3,1,0,1,0,-1,37,43,17,100,0,0,0,3,13,52,-1,-1,-1,-1,-1,ME,-1,-1,knox me,97,3,97,0,0
9,5,S8 NC/SR,-1,Lincoln County,23015,102,91,134,100,7,10,1.2,155,225,644,10.3,8.9,6,54,27,10,4,4,1,94,25,96,72,0,7,75,7,84,27,43,7,11,18,63,10,1,1,0,0,1,-1,73,6,4,85,13,1,5,1,10,68,-1,-1,-1,-1,-1,ME,-1,-1,lincoln me,99,1,99,0,0
9,6,S236,-1,Lincoln County,23015,0,0,0,-4,-4,-4,-4.0,-4,-4,-4,-4.0,-4.0,-4,-4,-4,-4,-4,-4,-4,-4,-4,-4,-4,-4,-4,-4,-4,-4,-4,-4,-4,-4,-4,-4,-4,-4,-4,-4,-4,-4,-1,-4,-4,-4,-4,-4,-4,-4,-4,-4,-4,-1,-1,-1,-1,-1,ME,-1,-1,lincoln me,-4,-4,-4,0,0
9,7,MF/Other,-1,Lincoln County,23015,50,88,38,88,8,18,1.1,43,276,252,12.2,10.8,5,39,26,16,13,0,0,100,29,89,55,0,0,61,0,25,15,14,8,3,0,89,11,0,0,0,0,0,-1,58,0,0,97,3,0,3,3,11,61,-1,-1,-1,-1,-1,ME,-1,-1,lincoln me,100,0,100,0,0
9,5,S8 NC/SR,-1,Oxford County,23017,389,93,366,98,5,12,1.6,583,251,547,11.2,7.1,8,47,23,13,9,11,9,80,30,90,59,7,16,67,20,59,20,28,9,31,19,42,7,1,0,0,0,0,-1,60,77,44,58,27,14,11,2,13,53,-1,-1,-1,-1,-1,ME,-1,-1,oxford me,99,1,99,0,0
9,6,S236,-1,Oxford County,23017,0,0,0,-4,-4,-4,-4.0,-4,-4,-4,-4.0,-4.0,-4,-4,-4,-4,-4,-4,-4,-4,-4,-4,-4,-4,-4,-4,-4,-4,-4,-4,-4,-4,-4,-4,-4,-4,-4,-4,-4,-4,-1,-4,-4,-4,-4,-4,-4,-4,-4,-4,-4,-1,-1,-1,-1,-1,ME,-1,-1,oxford me,-4,-4,-4,0,0
9,7,MF/Other,-1,Oxford County,23017,6,100,5,-4,-4,-4,-4.0,-4,-4,-4,-4.0,-4.0,-4,-4,-4,-4,-4,-4,-4,-4,-4,-4,-4,-4,-4,-4,-4,-4,-4,-4,-4,-4,-4,-4,-4,-4,-4,-4,-4,-4,-1,-4,-4,-4,-4,-4,-4,-4,-4,-4,-4,-1,-1,-1,-1,-1,ME,-1,-1,oxford me,-4,-4,-4,0,0
9,5,S8 NC/SR,-1,Penobscot County,23019,963,98,838,100,6,10,1.3,1073,250,639,11.1,8.7,4,51,28,10,7,4,3,92,26,89,64,3,6,73,8,80,18,36,2,23,17,58,8,2,1,1,0,0,-1,76,27,33,80,14,6,7,4,16,38,-1,-1,-1,-1,-1,ME,-1,-1,penobscot me,98,2,98,0,0
9,6,S236,-1,Penobscot County,23019,196,96,70,100,6,7,2.0,138,263,328,11.0,5.6,13,37,27,16,7,16,16,69,24,100,69,11,27,79,30,24,10,10,9,34,16,41,4,10,3,4,1,1,-1,75,0,0,56,20,24,3,8,47,21,-1,-1,-1,-1,-1,ME,-1,-1,penobscot me,90,10,90,0,0
9,7,MF/Other,-1,Penobscot County,23019,115,96,32,59,7,9,1.1,34,238,241,10.5,9.9,0,63,25,9,3,3,0,97,26,94,69,0,3,78,3,88,0,21,6,6,13,75,9,3,0,3,0,0,-1,57,31,12,91,9,0,6,4,10,49,-1,-1,-1,-1,-1,ME,-1,-1,penobscot me,97,3,97,0,0
9,5,S8 NC/SR,-1,Piscataquis County,23021,122,97,120,100,6,10,1.5,176,237,612,11.5,7.8,11,38,27,15,9,13,3,79,23,69,43,6,14,71,16,52,5,21,7,27,19,48,11,0,0,0,0,0,-1,75,42,23,52,42,7,20,2,14,67,-1,-1,-1,-1,-1,ME,-1,-1,piscataquis me,100,0,100,0,0
9,6,S236,-1,Piscataquis County,23021,0,0,0,-4,-4,-4,-4.0,-4,-4,-4,-4.0,-4.0,-4,-4,-4,-4,-4,-4,-4,-4,-4,-4,-4,-4,-4,-4,-4,-4,-4,-4,-4,-4,-4,-4,-4,-4,-4,-4,-4,-4,-1,-4,-4,-4,-4,-4,-4,-4,-4,-4,-4,-1,-1,-1,-1,-1,ME,-1,-1,piscataquis me,-4,-4,-4,0,0
9,7,MF/Other,-1,Piscataquis County,23021,0,0,0,-4,-4,-4,-4.0,-4,-4,-4,-4.0,-4.0,-4,-4,-4,-4,-4,-4,-4,-4,-4,-4,-4,-4,-4,-4,-4,-4,-4,-4,-4,-4,-4,-4,-4,-4,-4,-4,-4,-4,-1,-4,-4,-4,-4,-4,-4,-4,-4,-4,-4,-1,-1,-1,-1,-1,ME,-1,-1,piscataquis me,-4,-4,-4,0,0
9,5,S8 NC/SR,-1,Sagadahoc County,23023,182,96,176,100,5,9,1.3,220,259,713,11.8,9.5,2,47,31,14,7,4,2,94,25,90,64,1,5,69,6,85,31,45,2,24,16,58,7,1,1,1,0,0,-1,66,44,40,82,14,3,5,5,11,53,-1,-1,-1,-1,-1,ME,-1,-1,sagadahoc me,99,1,99,0,0
9,6,S236,-1,Sagadahoc County,23023,0,0,48,0,4,4,2.2,106,619,0,22.2,10.0,8,15,10,15,52,65,4,25,41,65,33,25,33,73,46,15,100,8,17,69,13,2,0,0,0,0,0,0,-1,26,100,51,0,100,0,27,-2,-2,-2,-1,-1,-1,-1,-1,ME,-1,-1,sagadahoc me,100,0,100,0,0
9,7,MF/Other,-1,Sagadahoc County,23023,204,96,90,87,5,16,2.3,211,255,490,11.4,4.9,11,43,19,17,10,30,14,53,13,66,52,10,51,88,59,28,45,14,23,51,13,12,1,2,2,0,0,0,-1,69,100,47,10,52,38,31,5,11,48,-1,-1,-1,-1,-1,ME,-1,-1,sagadahoc me,98,2,98,0,0
9,5,S8 NC/SR,-1,Somerset County,23025,182,96,185,100,6,10,1.6,300,239,662,10.1,6.3,15,49,23,8,6,12,10,75,25,88,62,5,21,77,25,45,23,23,12,29,17,42,5,2,1,0,1,0,-1,62,65,68,57,27,16,12,1,9,40,-1,-1,-1,-1,-1,ME,-1,-1,somerset me,98,2,98,0,0
9,6,S236,-1,Somerset County,23025,0,0,0,-4,-4,-4,-4.0,-4,-4,-4,-4.0,-4.0,-4,-4,-4,-4,-4,-4,-4,-4,-4,-4,-4,-4,-4,-4,-4,-4,-4,-4,-4,-4,-4,-4,-4,-4,-4,-4,-4,-4,-1,-4,-4,-4,-4,-4,-4,-4,-4,-4,-4,-1,-1,-1,-1,-1,ME,-1,-1,somerset me,-4,-4,-4,0,0
9,7,MF/Other,-1,Somerset County,23025,0,0,0,-4,-4,-4,-4.0,-4,-4,-4,-4.0,-4.0,-4,-4,-4,-4,-4,-4,-4,-4,-4,-4,-4,-4,-4,-4,-4,-4,-4,-4,-4,-4,-4,-4,-4,-4,-4,-4,-4,-4,-1,-4,-4,-4,-4,-4,-4,-4,-4,-4,-4,-1,-1,-1,-1,-1,ME,-1,-1,somerset me,-4,-4,-4,0,0
9,5,S8 NC/SR,-1,Waldo County,23027,86,96,79,98,6,9,1.7,132,284,589,12.3,7.6,6,32,39,14,9,10,13,73,30,86,49,11,8,72,16,72,33,33,3,30,13,54,3,0,0,0,0,0,-1,83,54,54,53,27,20,23,2,10,36,-1,-1,-1,-1,-1,ME,-1,-1,waldo me,100,0,100,0,0
9,6,S236,-1,Waldo County,23027,0,0,0,-4,-4,-4,-4.0,-4,-4,-4,-4.0,-4.0,-4,-4,-4,-4,-4,-4,-4,-4,-4,-4,-4,-4,-4,-4,-4,-4,-4,-4,-4,-4,-4,-4,-4,-4,-4,-4,-4,-4,-1,-4,-4,-4,-4,-4,-4,-4,-4,-4,-4,-1,-1,-1,-1,-1,ME,-1,-1,waldo me,-4,-4,-4,0,0
9,7,MF/Other,-1,Waldo County,23027,33,94,30,100,5,10,1.0,31,235,478,11.0,10.6,0,40,57,3,0,0,0,100,31,100,50,0,0,80,0,0,0,0,0,0,0,100,7,0,0,0,0,0,-1,39,100,40,100,0,0,0,3,13,49,-1,-1,-1,-1,-1,ME,-1,-1,waldo me,100,0,100,0,0
9,5,S8 NC/SR,-1,Washington County,23029,246,88,241,100,7,14,1.4,334,240,648,10.7,7.8,5,55,22,12,5,12,3,84,24,76,55,4,12,68,14,71,23,35,4,32,16,49,6,2,0,0,1,1,-1,62,48,31,68,22,10,12,4,19,60,-1,-1,-1,-1,-1,ME,-1,-1,washington me,98,2,98,0,0
9,6,S236,-1,Washington County,23029,0,0,0,-4,-4,-4,-4.0,-4,-4,-4,-4.0,-4.0,-4,-4,-4,-4,-4,-4,-4,-4,-4,-4,-4,-4,-4,-4,-4,-4,-4,-4,-4,-4,-4,-4,-4,-4,-4,-4,-4,-4,-1,-4,-4,-4,-4,-4,-4,-4,-4,-4,-4,-1,-1,-1,-1,-1,ME,-1,-1,washington me,-4,-4,-4,0,0
9,7,MF/Other,-1,Washington County,23029,15,93,14,100,6,14,1.0,14,174,403,7.4,7.4,7,86,7,0,0,0,0,100,20,93,86,0,0,29,0,100,100,100,14,50,14,21,0,0,0,0,0,0,-1,46,0,0,100,0,0,0,3,10,31,-1,-1,-1,-1,-1,ME,-1,-1,washington me,100,0,100,0,0
9,5,S8 NC/SR,-1,York County,23031,1009,98,985,100,6,8,1.5,1464,271,687,12.5,8.4,8,34,31,13,14,10,8,81,25,89,64,3,16,76,18,49,14,21,8,22,13,56,9,2,1,1,0,0,-1,68,33,20,66,25,9,8,4,11,42,-1,-1,-1,-1,-1,ME,-1,-1,york me,98,2,98,0,0
9,6,S236,-1,York County,23031,61,87,45,94,7,18,1.1,50,306,295,14.2,12.8,0,36,27,18,20,0,0,100,10,29,13,0,0,80,0,100,2,6,0,0,4,96,18,2,0,0,0,2,-1,94,0,0,100,0,0,0,3,11,33,-1,-1,-1,-1,-1,ME,-1,-1,york me,98,2,98,0,0
9,7,MF/Other,-1,York County,23031,230,100,228,100,5,6,1.1,241,284,249,13.3,12.5,0,31,36,22,11,1,0,99,23,82,55,0,0,79,0,92,6,10,0,3,2,95,16,1,0,0,0,0,-1,48,15,5,100,0,0,0,3,8,46,-1,-1,-1,-1,-1,ME,-1,-1,york me,99,1,99,0,0
9,5,S8 NC/SR,-1,Missing County,23999,0,0,0,-4,-4,-4,-4.0,-4,-4,-4,-4.0,-4.0,-4,-4,-4,-4,-4,-4,-4,-4,-4,-4,-4,-4,-4,-4,-4,-4,-4,-4,-4,-4,-4,-4,-4,-4,-4,-4,-4,-4,-1,-4,-4,-4,-4,-4,-4,-4,-4,-4,-4,-1,-1,-1,-1,-1,ME,-1,-1,nan me,-4,-4,-4,0,0
9,6,S236,-1,Missing County,23999,0,0,0,-4,-4,-4,-4.0,-4,-4,-4,-4.0,-4.0,-4,-4,-4,-4,-4,-4,-4,-4,-4,-4,-4,-4,-4,-4,-4,-4,-4,-4,-4,-4,-4,-4,-4,-4,-4,-4,-4,-4,-1,-4,-4,-4,-4,-4,-4,-4,-4,-4,-4,-1,-1,-1,-1,-1,ME,-1,-1,nan me,-4,-4,-4,0,0
9,7,MF/Other,-1,Missing County,23999,0,0,0,-4,-4,-4,-4.0,-4,-4,-4,-4.0,-4.0,-4,-4,-4,-4,-4,-4,-4,-4,-4,-4,-4,-4,-4,-4,-4,-4,-4,-4,-4,-4,-4,-4,-4,-4,-4,-4,-4,-4,-1,-4,-4,-4,-4,-4,-4,-4,-4,-4,-4,-1,-1,-1,-1,-1,ME,-1,-1,nan me,-4,-4,-4,0,0
9,2,PH,-1,androscoggin County,23001,621,94,579,99,4,24,2.2,1264,278,361,13.3,6.1,4,37,34,11,13,18,10,70,30,91,63,16,16,71,27,45,20,17,4,37,14,45,7,17,16,0,1,1,13,65,95,33,62,11,27,4,4,13,42,-1,-1,-1,-1,-1,ME,-1,-1,androscoggin me,83,17,83,0,0
9,2,PH,-1,Aroostook County,23003,356,99,347,98,5,30,2.2,756,252,419,13.8,6.2,13,39,20,10,18,30,14,50,31,84,61,18,28,74,39,25,32,15,15,44,12,29,3,5,1,1,0,2,10,59,48,52,34,25,41,21,4,17,51,-1,-1,-1,-1,-1,ME,-1,-1,aroostook me,95,5,95,0,0
9,2,PH,-1,Cumberland County,23005,1629,98,1581,99,4,20,2.2,3418,308,371,14.1,6.5,7,33,26,16,19,30,10,59,25,94,70,17,16,70,26,38,27,18,3,33,20,43,5,30,16,2,10,2,13,84,34,20,54,21,25,8,11,18,34,-1,-1,-1,-1,-1,ME,-1,-1,cumberland me,70,30,70,0,0
9,2,PH,-1,Franklin County,23007,0,0,0,-4,-4,-4,-4.0,-4,-4,-4,-4.0,-4.0,-4,-4,-4,-4,-4,-4,-4,-4,-4,-4,-4,-4,-4,-4,-4,-4,-4,-4,-4,-4,-4,-4,-4,-4,-4,-4,-4,-4,-4,-4,-4,-4,-4,-4,-4,-4,-4,-4,-4,-1,-1,-1,-1,-1,ME,-1,-1,franklin me,-4,-4,-4,0,0
9,2,PH,-1,Hancock County,23009,254,100,251,99,6,25,1.2,294,278,296,13.0,11.2,6,35,31,13,14,9,2,87,25,63,37,1,5,72,6,67,13,28,3,16,15,66,10,1,1,0,0,0,4,76,36,17,86,12,2,6,2,7,42,-1,-1,-1,-1,-1,ME,-1,-1,hancock me,99,1,99,0,0
9,2,PH,-1,Kennebec County,23011,194,96,187,100,4,29,2.2,405,279,400,12.7,5.9,5,40,30,12,13,19,13,66,27,93,63,17,23,87,36,37,38,21,4,41,13,42,6,7,2,1,0,4,7,70,20,10,43,12,45,22,4,22,34,-1,-1,-1,-1,-1,ME,-1,-1,kennebec me,93,7,93,0,0
9,2,PH,-1,Knox County,23013,0,0,0,-4,-4,-4,-4.0,-4,-4,-4,-4.0,-4.0,-4,-4,-4,-4,-4,-4,-4,-4,-4,-4,-4,-4,-4,-4,-4,-4,-4,-4,-4,-4,-4,-4,-4,-4,-4,-4,-4,-4,-4,-4,-4,-4,-4,-4,-4,-4,-4,-4,-4,-1,-1,-1,-1,-1,ME,-1,-1,knox me,-4,-4,-4,0,0
9,2,PH,-1,Lincoln County,23015,0,0,0,-4,-4,-4,-4.0,-4,-4,-4,-4.0,-4.0,-4,-4,-4,-4,-4,-4,-4,-4,-4,-4,-4,-4,-4,-4,-4,-4,-4,-4,-4,-4,-4,-4,-4,-4,-4,-4,-4,-4,-4,-4,-4,-4,-4,-4,-4,-4,-4,-4,-4,-1,-1,-1,-1,-1,ME,-1,-1,lincoln me,-4,-4,-4,0,0
9,2,PH,-1,Oxford County,23017,0,0,0,-4,-4,-4,-4.0,-4,-4,-4,-4.0,-4.0,-4,-4,-4,-4,-4,-4,-4,-4,-4,-4,-4,-4,-4,-4,-4,-4,-4,-4,-4,-4,-4,-4,-4,-4,-4,-4,-4,-4,-4,-4,-4,-4,-4,-4,-4,-4,-4,-4,-4,-1,-1,-1,-1,-1,ME,-1,-1,oxford me,-4,-4,-4,0,0
9,2,PH,-1,Penobscot County,23019,803,100,794,99,3,29,2.5,1956,314,417,15.4,6.3,10,31,21,15,23,45,17,37,30,81,56,24,46,85,61,18,18,9,18,55,7,21,3,3,1,1,0,1,6,53,0,0,23,32,44,11,6,24,33,-1,-1,-1,-1,-1,ME,-1,-1,penobscot me,97,3,97,0,0
9,2,PH,-1,Piscataquis County,23021,0,0,0,-4,-4,-4,-4.0,-4,-4,-4,-4.0,-4.0,-4,-4,-4,-4,-4,-4,-4,-4,-4,-4,-4,-4,-4,-4,-4,-4,-4,-4,-4,-4,-4,-4,-4,-4,-4,-4,-4,-4,-4,-4,-4,-4,-4,-4,-4,-4,-4,-4,-4,-1,-1,-1,-1,-1,ME,-1,-1,piscataquis me,-4,-4,-4,0,0
9,2,PH,-1,Sagadahoc County,23023,99,98,95,98,5,12,1.1,103,330,117,15.6,14.4,1,25,28,21,24,3,0,96,29,66,38,0,0,72,0,100,31,42,0,5,11,84,11,1,0,1,0,0,3,63,0,0,94,6,0,3,5,10,37,-1,-1,-1,-1,-1,ME,-1,-1,sagadahoc me,99,1,99,0,0
9,2,PH,-1,Somerset County,23025,0,0,0,-4,-4,-4,-4.0,-4,-4,-4,-4.0,-4.0,-4,-4,-4,-4,-4,-4,-4,-4,-4,-4,-4,-4,-4,-4,-4,-4,-4,-4,-4,-4,-4,-4,-4,-4,-4,-4,-4,-4,-4,-4,-4,-4,-4,-4,-4,-4,-4,-4,-4,-1,-1,-1,-1,-1,ME,-1,-1,somerset me,-4,-4,-4,0,0
9,2,PH,-1,Waldo County,23027,0,0,0,-4,-4,-4,-4.0,-4,-4,-4,-4.0,-4.0,-4,-4,-4,-4,-4,-4,-4,-4,-4,-4,-4,-4,-4,-4,-4,-4,-4,-4,-4,-4,-4,-4,-4,-4,-4,-4,-4,-4,-4,-4,-4,-4,-4,-4,-4,-4,-4,-4,-4,-1,-1,-1,-1,-1,ME,-1,-1,waldo me,-4,-4,-4,0,0
9,2,PH,-1,Washington County,23029,0,0,0,-4,-4,-4,-4.0,-4,-4,-4,-4.0,-4.0,-4,-4,-4,-4,-4,-4,-4,-4,-4,-4,-4,-4,-4,-4,-4,-4,-4,-4,-4,-4,-4,-4,-4,-4,-4,-4,-4,-4,-4,-4,-4,-4,-4,-4,-4,-4,-4,-4,-4,-1,-1,-1,-1,-1,ME,-1,-1,washington me,-4,-4,-4,0,0
9,2,PH,-1,York County,23031,123,93,114,99,7,31,2.0,232,277,375,13.5,6.6,9,34,28,14,15,22,8,68,27,91,68,17,16,63,26,54,22,23,10,39,20,32,3,4,0,1,3,0,13,61,39,22,61,11,29,6,4,14,54,-1,-1,-1,-1,-1,ME,-1,-1,york me,96,4,96,0,0
9,2,PH,-1,Missing County,23999,0,0,0,-4,-4,-4,-4.0,-4,-4,-4,-4.0,-4.0,-4,-4,-4,-4,-4,-4,-4,-4,-4,-4,-4,-4,-4,-4,-4,-4,-4,-4,-4,-4,-4,-4,-4,-4,-4,-4,-4,-4,-4,-4,-4,-4,-4,-4,-4,-4,-4,-4,-4,-1,-1,-1,-1,-1,ME,-1,-1,nan me,-4,-4,-4,0,0
9,3,VO,-1,androscoggin County,23001,-1,-1,1723,-1,4,23,2.1,3669,286,387,11.1,5.2,9,48,24,11,7,18,14,65,24,95,75,14,28,74,38,53,40,27,7,55,19,19,2,9,8,0,0,0,16,52,86,50,37,39,24,15,6,22,24,-1,-1,-1,-1,-1,ME,-1,-1,androscoggin me,91,9,91,0,0
9,3,VO,-1,Aroostook County,23003,-1,-1,879,-1,5,23,1.9,1630,248,345,9.9,5.3,12,52,22,9,4,15,13,69,23,92,69,11,25,73,31,54,64,35,7,52,20,20,2,3,0,1,0,1,10,61,60,67,38,42,20,22,4,14,54,-1,-1,-1,-1,-1,ME,-1,-1,aroostook me,97,3,97,0,0
9,3,VO,-1,Cumberland County,23005,-1,-1,3296,-1,4,17,2.1,6778,311,639,12.8,6.2,7,40,24,14,15,26,12,61,23,96,75,13,27,74,36,52,29,26,5,56,19,21,3,13,8,1,2,2,15,67,71,75,44,31,25,11,8,14,35,-1,-1,-1,-1,-1,ME,-1,-1,cumberland me,87,13,87,0,0
9,3,VO,-1,Franklin County,23007,-1,-1,156,-1,5,27,2.2,344,276,444,10.6,4.8,10,48,18,19,4,15,16,67,18,73,51,15,33,83,45,54,30,28,9,60,18,13,1,1,1,0,0,1,7,55,79,93,23,39,38,26,2,13,40,-1,-1,-1,-1,-1,ME,-1,-1,franklin me,99,1,99,0,0
9,3,VO,-1,Hancock County,23009,-1,-1,405,-1,6,27,2.0,801,268,451,11.2,5.6,16,36,28,13,7,22,9,62,21,82,62,12,36,80,43,38,38,22,8,55,16,21,4,1,0,0,0,1,9,48,70,93,34,48,18,15,2,9,52,-1,-1,-1,-1,-1,ME,-1,-1,hancock me,99,1,99,0,0
9,3,VO,-1,Kennebec County,23011,-1,-1,1341,-1,5,19,1.8,2348,261,348,10.5,6.0,5,56,23,11,5,13,9,77,23,95,76,9,21,68,26,71,61,44,5,55,22,17,2,2,1,0,0,1,23,55,63,43,48,34,18,18,4,17,40,-1,-1,-1,-1,-1,ME,-1,-1,kennebec me,98,2,98,0,0
9,3,VO,-1,Knox County,23013,-1,-1,209,-1,5,19,2.0,417,257,510,10.4,5.2,8,52,24,11,5,20,15,62,23,95,77,14,30,72,38,51,71,30,6,59,20,15,2,2,0,0,0,1,14,49,67,104,41,37,22,12,2,12,51,-1,-1,-1,-1,-1,ME,-1,-1,knox me,98,2,98,0,0
9,3,VO,-1,Lincoln County,23015,-1,-1,95,-1,4,25,2.1,195,297,464,12.0,5.9,8,42,18,22,9,33,9,56,24,89,60,5,45,78,47,43,57,24,6,59,20,15,2,1,0,1,0,0,29,53,77,103,33,40,27,18,2,10,59,-1,-1,-1,-1,-1,ME,-1,-1,lincoln me,99,1,99,0,0
9,3,VO,-1,Oxford County,23017,-1,-1,371,-1,4,19,2.4,891,259,460,10.2,4.2,13,50,22,10,6,16,20,61,22,90,71,15,39,82,49,48,86,26,6,67,16,10,1,1,0,0,0,0,6,63,76,76,22,36,43,25,2,13,50,-1,-1,-1,-1,-1,ME,-1,-1,oxford me,99,1,99,0,0
9,3,VO,-1,Penobscot County,23019,-1,-1,1100,-1,4,26,1.7,1831,259,416,10.4,6.2,7,54,25,10,5,14,8,75,23,96,78,8,21,70,25,68,50,41,4,53,21,22,3,5,1,2,0,1,16,52,45,47,56,28,16,12,5,17,39,-1,-1,-1,-1,-1,ME,-1,-1,penobscot me,95,5,95,0,0
9,3,VO,-1,Piscataquis County,23021,-1,-1,71,-1,5,21,2.4,171,248,425,10.8,4.5,4,59,20,8,8,7,18,75,24,85,65,18,35,79,49,61,58,33,1,72,10,17,4,1,0,1,0,0,13,43,70,127,27,42,31,15,3,14,58,-1,-1,-1,-1,-1,ME,-1,-1,piscataquis me,99,1,99,0,0
9,3,VO,-1,Sagadahoc County,23023,-1,-1,288,-1,4,18,2.2,640,299,502,11.9,5.3,9,42,23,13,12,30,14,55,23,96,75,18,32,77,43,51,35,25,7,63,17,13,2,3,3,0,0,0,11,48,86,100,29,46,25,15,5,11,52,-1,-1,-1,-1,-1,ME,-1,-1,sagadahoc me,97,3,97,0,0
9,3,VO,-1,Somerset County,23025,-1,-1,313,-1,4,23,2.1,646,254,419,9.9,4.8,11,57,19,7,6,11,15,73,22,87,71,13,26,77,34,61,94,35,5,60,18,17,1,0,0,0,0,0,11,62,61,83,37,32,31,22,2,13,49,-1,-1,-1,-1,-1,ME,-1,-1,somerset me,100,0,100,0,0
9,3,VO,-1,Waldo County,23027,-1,-1,135,-1,5,10,2.0,270,266,470,10.3,5.1,9,50,23,13,5,17,10,71,25,93,69,11,27,76,34,62,76,39,3,55,27,16,1,1,1,0,0,0,21,71,74,102,26,48,26,25,3,14,55,-1,-1,-1,-1,-1,ME,-1,-1,waldo me,99,1,99,0,0
9,3,VO,-1,Washington County,23029,-1,-1,98,-1,4,22,2.4,233,273,424,10.6,4.4,12,50,21,10,6,22,13,58,20,80,59,15,42,78,52,50,63,27,3,70,18,8,0,1,1,0,0,0,14,50,86,171,19,48,33,17,4,15,50,-1,-1,-1,-1,-1,ME,-1,-1,washington me,99,1,99,0,0
9,3,VO,-1,York County,23031,-1,-1,1489,-1,5,18,1.9,2848,285,554,11.7,6.1,11,43,23,13,10,17,8,69,20,88,71,11,27,75,33,55,36,31,3,55,18,23,3,3,1,0,0,1,24,53,68,61,36,40,24,21,3,12,39,-1,-1,-1,-1,-1,ME,-1,-1,york me,97,3,97,0,0
9,3,VO,-1,Missing County,23999,-1,-1,5,-1,-4,-4,-4.0,0,-4,0,-4.0,0.0,-4,-4,-4,-4,-4,-4,-4,-4,-4,-4,-4,-4,-4,-4,-4,-4,-4,-4,-4,-4,-4,-4,-4,-4,-4,-4,-4,-4,-4,-4,-4,-4,-4,-4,-4,-4,0,0,0,-1,-1,-1,-1,-1,ME,-1,-1,nan me,-4,-4,-4,0,0
9,4,MR,-1,androscoggin County,23001,-1,-1,177,-1,5,25,1.5,258,213,384,10.8,7.2,18,32,36,11,4,8,10,76,25,95,63,6,14,76,16,25,13,12,10,23,3,64,29,1,0,0,0,1,3,47,3,2,77,15,8,5,6,22,24,-1,-1,-1,-1,-1,ME,-1,-1,androscoggin me,99,1,99,0,0
9,4,MR,-1,Aroostook County,23003,-1,-1,26,-1,3,35,1.9,49,200,425,8.4,4.5,31,42,19,8,0,31,15,42,6,35,27,12,27,54,27,24,100,16,15,58,23,4,0,12,4,8,0,0,0,39,77,39,15,81,4,35,4,14,54,-1,-1,-1,-1,-1,ME,-1,-1,aroostook me,88,12,88,0,0
9,4,MR,-1,Cumberland County,23005,-1,-1,99,-1,5,17,1.0,103,228,691,9.8,9.4,3,61,28,8,0,4,3,93,20,100,89,0,2,43,2,97,52,81,2,39,29,29,7,6,3,1,1,1,6,74,2,4,98,2,0,0,8,14,35,-1,-1,-1,-1,-1,ME,-1,-1,cumberland me,94,6,94,0,0
9,4,MR,-1,Franklin County,23007,-1,-1,0,-1,-4,-4,-4.0,-4,-4,-4,-4.0,-4.0,-4,-4,-4,-4,-4,-4,-4,-4,-4,-4,-4,-4,-4,-4,-4,-4,-4,-4,-4,-4,-4,-4,-4,-4,-4,-4,-4,-4,-4,-4,-4,-4,-4,-4,-4,-4,-4,-4,-4,-1,-1,-1,-1,-1,ME,-1,-1,franklin me,-4,-4,-4,0,0
9,4,MR,-1,Hancock County,23009,-1,-1,5,-1,-4,-4,-4.0,-4,-4,-4,-4.0,-4.0,-4,-4,-4,-4,-4,-4,-4,-4,-4,-4,-4,-4,-4,-4,-4,-4,-4,-4,-4,-4,-4,-4,-4,-4,-4,-4,-4,-4,-4,-4,-4,-4,-4,-4,-4,-4,-4,-4,-4,-1,-1,-1,-1,-1,ME,-1,-1,hancock me,-4,-4,-4,0,0
9,4,MR,-1,Kennebec County,23011,-1,-1,29,-1,4,48,2.1,62,216,361,10.4,4.5,28,48,3,14,7,31,31,24,19,93,83,24,24,62,41,28,0,13,31,48,21,0,0,7,7,0,0,0,1,22,48,55,45,21,34,14,4,17,40,-1,-1,-1,-1,-1,ME,-1,-1,kennebec me,93,7,93,0,0
9,4,MR,-1,Knox County,23013,-1,-1,0,-1,-4,-4,-4.0,-4,-4,-4,-4.0,-4.0,-4,-4,-4,-4,-4,-4,-4,-4,-4,-4,-4,-4,-4,-4,-4,-4,-4,-4,-4,-4,-4,-4,-4,-4,-4,-4,-4,-4,-4,-4,-4,-4,-4,-4,-4,-4,-4,-4,-4,-1,-1,-1,-1,-1,ME,-1,-1,knox me,-4,-4,-4,0,0
9,4,MR,-1,Lincoln County,23015,-1,-1,0,-1,-4,-4,-4.0,-4,-4,-4,-4.0,-4.0,-4,-4,-4,-4,-4,-4,-4,-4,-4,-4,-4,-4,-4,-4,-4,-4,-4,-4,-4,-4,-4,-4,-4,-4,-4,-4,-4,-4,-4,-4,-4,-4,-4,-4,-4,-4,-4,-4,-4,-1,-1,-1,-1,-1,ME,-1,-1,lincoln me,-4,-4,-4,0,0
9,4,MR,-1,Oxford County,23017,-1,-1,43,-1,3,33,2.3,98,153,528,6.1,2.7,44,40,9,7,0,23,26,49,12,86,77,9,51,81,51,18,100,14,19,65,9,7,0,0,0,0,0,0,0,50,84,85,21,37,42,23,2,13,50,-1,-1,-1,-1,-1,ME,-1,-1,oxford me,100,0,100,0,0
9,4,MR,-1,Penobscot County,23019,-1,-1,11,-1,4,27,1.6,18,251,457,10.5,6.4,0,64,27,0,9,27,9,64,27,91,82,9,18,55,9,64,0,39,9,82,9,0,0,0,0,0,0,0,-2,57,55,22,45,36,18,27,5,17,39,-1,-1,-1,-1,-1,ME,-1,-1,penobscot me,100,0,100,0,0
9,4,MR,-1,Piscataquis County,23021,-1,-1,0,-1,-4,-4,-4.0,-4,-4,-4,-4.0,-4.0,-4,-4,-4,-4,-4,-4,-4,-4,-4,-4,-4,-4,-4,-4,-4,-4,-4,-4,-4,-4,-4,-4,-4,-4,-4,-4,-4,-4,-4,-4,-4,-4,-4,-4,-4,-4,-4,-4,-4,-1,-1,-1,-1,-1,ME,-1,-1,piscataquis me,-4,-4,-4,0,0
9,4,MR,-1,Sagadahoc County,23023,-1,-1,0,-1,-4,-4,-4.0,-4,-4,-4,-4.0,-4.0,-4,-4,-4,-4,-4,-4,-4,-4,-4,-4,-4,-4,-4,-4,-4,-4,-4,-4,-4,-4,-4,-4,-4,-4,-4,-4,-4,-4,-4,-4,-4,-4,-4,-4,-4,-4,-4,-4,-4,-1,-1,-1,-1,-1,ME,-1,-1,sagadahoc me,-4,-4,-4,0,0
9,4,MR,-1,Somerset County,23025,-1,-1,5,-1,-4,-4,-4.0,-4,-4,-4,-4.0,-4.0,-4,-4,-4,-4,-4,-4,-4,-4,-4,-4,-4,-4,-4,-4,-4,-4,-4,-4,-4,-4,-4,-4,-4,-4,-4,-4,-4,-4,-4,-4,-4,-4,-4,-4,-4,-4,-4,-4,-4,-1,-1,-1,-1,-1,ME,-1,-1,somerset me,-4,-4,-4,0,0
9,4,MR,-1,Waldo County,23027,-1,-1,0,-1,-4,-4,-4.0,-4,-4,-4,-4.0,-4.0,-4,-4,-4,-4,-4,-4,-4,-4,-4,-4,-4,-4,-4,-4,-4,-4,-4,-4,-4,-4,-4,-4,-4,-4,-4,-4,-4,-4,-4,-4,-4,-4,-4,-4,-4,-4,-4,-4,-4,-1,-1,-1,-1,-1,ME,-1,-1,waldo me,-4,-4,-4,0,0
9,4,MR,-1,Washington County,23029,-1,-1,7,-1,-4,-4,-4.0,-4,-4,-4,-4.0,-4.0,-4,-4,-4,-4,-4,-4,-4,-4,-4,-4,-4,-4,-4,-4,-4,-4,-4,-4,-4,-4,-4,-4,-4,-4,-4,-4,-4,-4,-4,-4,-4,-4,-4,-4,-4,-4,-4,-4,-4,-1,-1,-1,-1,-1,ME,-1,-1,washington me,-4,-4,-4,0,0
9,4,MR,-1,York County,23031,-1,-1,10,-1,-4,-4,-4.0,-4,-4,-4,-4.0,-4.0,-4,-4,-4,-4,-4,-4,-4,-4,-4,-4,-4,-4,-4,-4,-4,-4,-4,-4,-4,-4,-4,-4,-4,-4,-4,-4,-4,-4,-4,-4,-4,-4,-4,-4,-4,-4,-4,-4,-4,-1,-1,-1,-1,-1,ME,-1,-1,york me,-4,-4,-4,0,0
9,4,MR,-1,Missing County,23999,-1,-1,0,-1,-4,-4,-4.0,-4,-4,-4,-4.0,-4.0,-4,-4,-4,-4,-4,-4,-4,-4,-4,-4,-4,-4,-4,-4,-4,-4,-4,-4,-4,-4,-4,-4,-4,-4,-4,-4,-4,-4,-4,-4,-4,-4,-4,-4,-4,-4,-4,-4,-4,-1,-1,-1,-1,-1,ME,-1,-1,nan me,-4,-4,-4,0,0
