sumlevel,program,program_label,sub_program,name,code,total_units,pct_occupied,number_reported,pct_reported,months_since_report,pct_movein,people_per_unit,people_total,rent_per_month,spending_per_month,hh_income,person_income,pct_lt5k,pct_5k_lt10k,pct_10k_lt15k,pct_15k_lt20k,pct_ge20k,pct_wage_maj,pct_welf_maj,pct_other_maj,pct_median,pct_lt50_median,pct_lt30_median,pct_2adults,pct_1adult,pct_female_head,pct_female_head_child,pct_disabled_lt62,pct_disabled_ge62,pct_disabled_all,pct_lt24_head,pct_age25_50,pct_age51_61,pct_age62plus,pct_age85plus,pct_minority_raw,pct_black,pct_native_american,pct_asian,pct_hispanic,months_waiting,months_from_movein,pct_utility_allow,ave_util_allow,pct_bed1,pct_bed2,pct_bed3,pct_overhoused,tminority,tpoverty,pct_ownsfd,fedhse,cbsa,placefips,latitude,longitude,state,pha_total_units,ha_size,County_norm,pct_white_nothsp_raw,pct_minority,pct_white_nothsp,HUD_race_pct_error,imputed_from_prev
9,1,All HUD,-1,Barnstable County,25001,-1,-1,3139.0,-1.0,5.0,8.0,1.8,5762.0,361.0,712.0,15.0,8.2,6.0,32.0,23.0,17.0,23.0,24.0,5.0,69.0,24.0,91.0,67.0,10.0,23.0,75.0,30.0,52.0,26.0,27.0,3.0,43.0,19.0,34.0,6.0,15.0,9.0,2.0,1.0,4.0,24.0,85.0,66.0,32.0,52.0,29.0,19.0,9.0,9,10,59,-1,-1,-1,-1,-1,MA,-1,-1,barnstable ma,85.0,15.0,85.0,0,0
9,1,All HUD,-1,Berkshire County,25003,-1,-1,3346.0,-1.0,6.0,15.0,1.8,6156.0,298.0,539.0,13.4,7.3,6.0,37.0,27.0,16.0,15.0,18.0,5.0,75.0,22.0,95.0,76.0,9.0,25.0,74.0,31.0,53.0,19.0,24.0,7.0,41.0,15.0,37.0,8.0,13.0,7.0,0.0,0.0,5.0,18.0,74.0,62.0,21.0,55.0,24.0,21.0,8.0,10,17,31,-1,-1,-1,-1,-1,MA,-1,-1,berkshire ma,87.0,13.0,87.0,0,0
9,1,All HUD,-1,Bristol County,25005,-1,-1,12576.0,-1.0,5.0,12.0,1.9,23979.0,328.0,673.0,14.4,7.6,4.0,38.0,26.0,15.0,18.0,21.0,9.0,69.0,24.0,94.0,75.0,9.0,26.0,77.0,32.0,52.0,31.0,27.0,5.0,42.0,17.0,36.0,6.0,30.0,11.0,1.0,2.0,17.0,20.0,83.0,60.0,32.0,42.0,34.0,23.0,17.0,20,20,24,-1,-1,-1,-1,-1,MA,-1,-1,bristol ma,70.0,30.0,70.0,0,0
9,1,All HUD,-1,Dukes County,25007,-1,-1,151.0,-1.0,5.0,11.0,1.2,178.0,337.0,591.0,15.6,13.2,1.0,23.0,34.0,20.0,23.0,11.0,1.0,89.0,19.0,65.0,46.0,2.0,7.0,69.0,7.0,40.0,11.0,13.0,0.0,11.0,3.0,87.0,13.0,10.0,7.0,0.0,0.0,3.0,-2.0,55.0,13.0,0.0,89.0,5.0,5.0,1.0,12,8,60,-1,-1,-1,-1,-1,MA,-1,-1,dukes ma,90.0,10.0,90.0,0,0
9,1,All HUD,-1,Essex County,25009,-1,-1,18210.0,-1.0,5.0,10.0,1.9,35274.0,362.0,796.0,15.8,8.2,5.0,34.0,21.0,16.0,25.0,25.0,5.0,68.0,23.0,93.0,74.0,11.0,22.0,76.0,30.0,44.0,27.0,23.0,2.0,40.0,18.0,40.0,7.0,43.0,5.0,0.0,1.0,37.0,26.0,87.0,69.0,24.0,49.0,27.0,24.0,11.0,36,18,23,-1,-1,-1,-1,-1,MA,-1,-1,essex ma,57.0,43.0,57.0,0,0
9,1,All HUD,-1,Franklin County,25011,-1,-1,1491.0,-1.0,5.0,12.0,1.8,2656.0,312.0,590.0,13.0,7.3,7.0,38.0,27.0,15.0,13.0,18.0,6.0,73.0,22.0,97.0,80.0,8.0,26.0,73.0,31.0,59.0,36.0,33.0,7.0,47.0,20.0,26.0,4.0,10.0,3.0,0.0,1.0,6.0,17.0,72.0,79.0,49.0,52.0,29.0,19.0,10.0,7,14,43,-1,-1,-1,-1,-1,MA,-1,-1,franklin ma,90.0,10.0,90.0,0,0
9,1,All HUD,-1,Hampden County,25013,-1,-1,17396.0,-1.0,5.0,11.0,2.2,38231.0,327.0,586.0,13.4,6.1,7.0,40.0,23.0,15.0,15.0,24.0,12.0,63.0,21.0,96.0,81.0,11.0,34.0,80.0,43.0,43.0,45.0,25.0,7.0,50.0,17.0,25.0,3.0,74.0,15.0,0.0,0.0,59.0,26.0,87.0,71.0,29.0,39.0,31.0,29.0,11.0,55,30,26,-1,-1,-1,-1,-1,MA,-1,-1,hampden ma,26.0,74.0,26.0,0,0
9,1,All HUD,-1,Hampshire County,25015,-1,-1,2018.0,-1.0,5.0,12.0,1.9,3735.0,362.0,612.0,14.8,8.1,5.0,34.0,23.0,17.0,21.0,24.0,6.0,68.0,24.0,93.0,70.0,9.0,26.0,75.0,31.0,51.0,31.0,28.0,5.0,47.0,19.0,29.0,4.0,28.0,7.0,0.0,3.0,18.0,21.0,82.0,85.0,56.0,51.0,34.0,16.0,8.0,13,13,44,-1,-1,-1,-1,-1,MA,-1,-1,hampshire ma,72.0,28.0,72.0,0,0
9,1,All HUD,-1,Middlesex County,25017,-1,-1,27530.0,-1.0,6.0,14.0,1.9,52114.0,387.0,857.0,16.7,8.9,5.0,30.0,23.0,15.0,27.0,27.0,4.0,68.0,24.0,92.0,72.0,10.0,19.0,69.0,26.0,43.0,26.0,23.0,8.0,38.0,17.0,37.0,6.0,33.0,12.0,0.0,5.0,16.0,29.0,94.0,60.0,27.0,54.0,27.0,20.0,8.0,30,13,26,-1,-1,-1,-1,-1,MA,-1,-1,middlesex ma,67.0,33.0,67.0,0,0
9,1,All HUD,-1,Nantucket County,25019,-1,-1,9.0,-1.0,-4.0,-4.0,-4.0,-4.0,-4.0,-4.0,-4.0,-4.0,-4.0,-4.0,-4.0,-4.0,-4.0,-4.0,-4.0,-4.0,-4.0,-4.0,-4.0,-4.0,-4.0,-4.0,-4.0,-4.0,-4.0,-4.0,-4.0,-4.0,-4.0,-4.0,-4.0,-4.0,-4.0,-4.0,-4.0,-4.0,-4.0,-4.0,-4.0,-4.0,-4.0,-4.0,-4.0,-4.0,-4,-4,-4,-1,-1,-1,-1,-1,MA,-1,-1,nantucket ma,-4.0,-4.0,-4.0,0,0
9,1,All HUD,-1,Norfolk County,25021,-1,-1,10223.0,-1.0,5.0,8.0,1.8,18224.0,400.0,886.0,16.7,9.4,4.0,29.0,23.0,17.0,27.0,22.0,4.0,73.0,24.0,91.0,70.0,9.0,20.0,74.0,26.0,48.0,20.0,23.0,1.0,39.0,16.0,44.0,9.0,28.0,16.0,0.0,5.0,6.0,34.0,85.0,60.0,26.0,56.0,26.0,18.0,9.0,17,7,43,-1,-1,-1,-1,-1,MA,-1,-1,norfolk ma,72.0,28.0,72.0,0,0
9,1,All HUD,-1,Plymouth County,25023,-1,-1,7705.0,-1.0,6.0,10.0,2.0,15762.0,381.0,845.0,15.3,7.5,6.0,32.0,23.0,15.0,24.0,25.0,8.0,65.0,22.0,90.0,70.0,11.0,28.0,79.0,36.0,45.0,26.0,23.0,3.0,46.0,18.0,33.0,4.0,35.0,23.0,1.0,1.0,11.0,40.0,86.0,62.0,26.0,46.0,27.0,27.0,10.0,28,13,45,-1,-1,-1,-1,-1,MA,-1,-1,plymouth ma,65.0,35.0,65.0,0,0
9,1,All HUD,-1,Suffolk County,25025,-1,-1,49011.0,-1.0,6.0,9.0,2.0,100449.0,369.0,1037.0,15.6,7.6,8.0,36.0,20.0,12.0,24.0,32.0,7.0,59.0,22.0,92.0,76.0,12.0,26.0,73.0,34.0,33.0,33.0,19.0,4.0,44.0,18.0,35.0,5.0,72.0,37.0,1.0,8.0,27.0,28.0,107.0,60.0,37.0,44.0,28.0,28.0,14.0,62,25,8,-1,-1,-1,-1,-1,MA,-1,-1,suffolk ma,28.0,72.0,28.0,0,0
9,1,All HUD,-1,Worcester County,25027,-1,-1,15106.0,-1.0,6.0,11.0,2.0,29868.0,355.0,647.0,14.8,7.5,6.0,35.0,24.0,15.0,20.0,22.0,8.0,68.0,23.0,93.0,74.0,11.0,24.0,74.0,32.0,47.0,37.0,26.0,5.0,42.0,18.0,36.0,6.0,39.0,8.0,0.0,1.0,30.0,16.0,86.0,57.0,24.0,51.0,26.0,23.0,9.0,31,20,28,-1,-1,-1,-1,-1,MA,-1,-1,worcester ma,61.0,39.0,61.0,0,0
9,1,All HUD,-1,Missing County,25999,-1,-1,36.0,-1.0,9.0,22.0,1.6,59.0,285.0,961.0,12.3,7.5,11.0,36.0,31.0,8.0,14.0,14.0,14.0,72.0,-2.0,-2.0,-2.0,0.0,14.0,50.0,14.0,42.0,8.0,15.0,0.0,28.0,6.0,67.0,11.0,14.0,6.0,0.0,3.0,6.0,27.0,95.0,94.0,43.0,58.0,33.0,8.0,6.0,-1,-1,-1,-1,-1,-1,-1,-1,MA,-1,-1,nan ma,86.0,14.0,86.0,0,0
9,5,S8 NC/SR,-1,Barnstable County,25001,681,98,609.0,100.0,6.0,7.0,1.4,882.0,317.0,686.0,15.1,10.6,4.0,25.0,28.0,21.0,22.0,11.0,2.0,84.0,27.0,95.0,64.0,5.0,9.0,75.0,12.0,47.0,13.0,16.0,3.0,17.0,9.0,72.0,16.0,11.0,5.0,1.0,0.0,5.0,-1.0,93.0,63.0,36.0,76.0,16.0,8.0,2.0,7,9,63,-1,-1,-1,-1,-1,MA,-1,-1,barnstable ma,89.0,11.0,89.0,0,0
9,6,S236,-1,Barnstable County,25001,220,97,0.0,-4.0,-4.0,-4.0,-4.0,-4.0,-4.0,-4.0,-4.0,-4.0,-4.0,-4.0,-4.0,-4.0,-4.0,-4.0,-4.0,-4.0,-4.0,-4.0,-4.0,-4.0,-4.0,-4.0,-4.0,-4.0,-4.0,-4.0,-4.0,-4.0,-4.0,-4.0,-4.0,-4.0,-4.0,-4.0,-4.0,-4.0,-1.0,-4.0,-4.0,-4.0,-4.0,-4.0,-4.0,-4.0,-4,-4,-4,-1,-1,-1,-1,-1,MA,-1,-1,barnstable ma,-4.0,-4.0,-4.0,0,0
9,7,MF/Other,-1,Barnstable County,25001,291,96,308.0,100.0,7.0,11.0,1.7,519.0,391.0,383.0,16.7,9.9,6.0,21.0,25.0,18.0,31.0,29.0,6.0,64.0,25.0,79.0,53.0,7.0,23.0,82.0,27.0,20.0,2.0,7.0,9.0,33.0,7.0,51.0,9.0,11.0,6.0,2.0,1.0,3.0,-1.0,53.0,49.0,24.0,61.0,31.0,8.0,2.0,10,11,55,-1,-1,-1,-1,-1,MA,-1,-1,barnstable ma,89.0,11.0,89.0,0,0
9,5,S8 NC/SR,-1,Berkshire County,25003,1367,96,1153.0,100.0,6.0,10.0,1.4,1569.0,301.0,591.0,14.0,10.3,4.0,28.0,33.0,19.0,16.0,8.0,2.0,88.0,26.0,97.0,70.0,3.0,12.0,72.0,13.0,60.0,10.0,22.0,5.0,20.0,10.0,65.0,17.0,8.0,5.0,0.0,1.0,2.0,-1.0,77.0,41.0,20.0,77.0,17.0,6.0,4.0,11,18,27,-1,-1,-1,-1,-1,MA,-1,-1,berkshire ma,92.0,8.0,92.0,0,0
9,6,S236,-1,Berkshire County,25003,160,97,38.0,53.0,6.0,11.0,2.4,93.0,340.0,674.0,17.0,7.2,8.0,13.0,29.0,24.0,26.0,29.0,0.0,63.0,26.0,97.0,63.0,16.0,34.0,79.0,42.0,23.0,0.0,5.0,3.0,45.0,11.0,42.0,11.0,3.0,0.0,0.0,0.0,3.0,-1.0,77.0,100.0,36.0,8.0,37.0,55.0,34.0,5,16,43,-1,-1,-1,-1,-1,MA,-1,-1,berkshire ma,97.0,3.0,97.0,0,0
9,7,MF/Other,-1,Berkshire County,25003,54,96,104.0,100.0,9.0,30.0,2.1,215.0,328.0,486.0,14.3,6.9,1.0,36.0,25.0,20.0,18.0,15.0,6.0,79.0,25.0,99.0,71.0,13.0,16.0,70.0,25.0,62.0,28.0,24.0,4.0,45.0,10.0,41.0,9.0,6.0,3.0,0.0,1.0,2.0,-1.0,26.0,45.0,35.0,67.0,6.0,27.0,4.0,8,12,47,-1,-1,-1,-1,-1,MA,-1,-1,berkshire ma,94.0,6.0,94.0,0,0
9,5,S8 NC/SR,-1,Bristol County,25005,3518,98,3116.0,92.0,6.0,8.0,1.3,4163.0,311.0,816.0,14.0,10.5,2.0,34.0,32.0,16.0,16.0,9.0,2.0,89.0,25.0,97.0,73.0,2.0,10.0,71.0,11.0,63.0,13.0,24.0,3.0,17.0,14.0,66.0,15.0,14.0,7.0,0.0,0.0,6.0,-1.0,95.0,77.0,35.0,72.0,26.0,2.0,6.0,19,20,26,-1,-1,-1,-1,-1,MA,-1,-1,bristol ma,86.0,14.0,86.0,0,0
9,6,S236,-1,Bristol County,25005,672,94,468.0,100.0,5.0,14.0,1.8,858.0,368.0,586.0,14.8,8.1,8.0,40.0,19.0,14.0,19.0,28.0,11.0,59.0,24.0,92.0,74.0,6.0,32.0,78.0,37.0,39.0,48.0,26.0,16.0,42.0,19.0,23.0,3.0,29.0,10.0,0.0,1.0,18.0,-1.0,66.0,28.0,18.0,41.0,48.0,11.0,8.0,33,25,20,-1,-1,-1,-1,-1,MA,-1,-1,bristol ma,71.0,29.0,71.0,0,0
9,7,MF/Other,-1,Bristol County,25005,226,97,229.0,100.0,7.0,20.0,1.8,405.0,358.0,339.0,15.4,8.7,2.0,28.0,26.0,21.0,24.0,24.0,5.0,71.0,27.0,98.0,63.0,8.0,21.0,78.0,25.0,28.0,11.0,11.0,5.0,31.0,9.0,55.0,5.0,35.0,21.0,0.0,0.0,14.0,-1.0,69.0,52.0,25.0,55.0,26.0,19.0,13.0,18,15,34,-1,-1,-1,-1,-1,MA,-1,-1,bristol ma,65.0,35.0,65.0,0,0
9,5,S8 NC/SR,-1,Dukes County,25007,0,0,1.0,-4.0,-4.0,-4.0,-4.0,-4.0,-4.0,-4.0,-4.0,-4.0,-4.0,-4.0,-4.0,-4.0,-4.0,-4.0,-4.0,-4.0,-4.0,-4.0,-4.0,-4.0,-4.0,-4.0,-4.0,-4.0,-4.0,-4.0,-4.0,-4.0,-4.0,-4.0,-4.0,-4.0,-4.0,-4.0,-4.0,-4.0,-1.0,-4.0,-4.0,-4.0,-4.0,-4.0,-4.0,-4.0,-4,-4,-4,-1,-1,-1,-1,-1,MA,-1,-1,dukes ma,-4.0,-4.0,-4.0,0,0
9,6,S236,-1,Dukes County,25007,0,0,0.0,-4.0,-4.0,-4.0,-4.0,-4.0,-4.0,-4.0,-4.0,-4.0,-4.0,-4.0,-4.0,-4.0,-4.0,-4.0,-4.0,-4.0,-4.0,-4.0,-4.0,-4.0,-4.0,-4.0,-4.0,-4.0,-4.0,-4.0,-4.0,-4.0,-4.0,-4.0,-4.0,-4.0,-4.0,-4.0,-4.0,-4.0,-1.0,-4.0,-4.0,-4.0,-4.0,-4.0,-4.0,-4.0,-4,-4,-4,-1,-1,-1,-1,-1,MA,-1,-1,dukes ma,-4.0,-4.0,-4.0,0,0
9,7,MF/Other,-1,Dukes County,25007,125,99,126.0,100.0,6.0,12.0,1.0,130.0,332.0,511.0,15.5,15.0,1.0,22.0,32.0,21.0,24.0,4.0,0.0,96.0,18.0,62.0,40.0,0.0,0.0,68.0,0.0,100.0,9.0,9.0,0.0,1.0,0.0,99.0,14.0,9.0,6.0,0.0,0.0,3.0,-1.0,52.0,0.0,0.0,100.0,0.0,0.0,0.0,13,8,60,-1,-1,-1,-1,-1,MA,-1,-1,dukes ma,91.0,9.0,91.0,0,0
9,5,S8 NC/SR,-1,Essex County,25009,5946,96,5452.0,98.0,7.0,8.0,1.4,7650.0,335.0,894.0,15.2,10.9,3.0,35.0,24.0,16.0,22.0,10.0,2.0,87.0,23.0,92.0,72.0,3.0,6.0,68.0,8.0,56.0,13.0,19.0,2.0,14.0,11.0,73.0,15.0,26.0,3.0,0.0,1.0,22.0,-1.0,98.0,66.0,27.0,76.0,17.0,7.0,4.0,36,19,20,-1,-1,-1,-1,-1,MA,-1,-1,essex ma,74.0,26.0,74.0,0,0
9,6,S236,-1,Essex County,25009,1223,99,227.0,59.0,6.0,17.0,1.1,243.0,297.0,782.0,13.6,12.7,2.0,30.0,31.0,25.0,12.0,2.0,2.0,96.0,10.0,44.0,40.0,0.0,0.0,68.0,0.0,100.0,1.0,2.0,0.0,1.0,0.0,99.0,14.0,8.0,1.0,0.0,0.0,6.0,-1.0,67.0,0.0,0.0,100.0,0.0,0.0,0.0,36,16,17,-1,-1,-1,-1,-1,MA,-1,-1,essex ma,92.0,8.0,92.0,0,0
9,7,MF/Other,-1,Essex County,25009,725,95,1064.0,100.0,8.0,11.0,1.7,1777.0,387.0,459.0,17.2,10.4,4.0,26.0,21.0,20.0,29.0,26.0,3.0,69.0,27.0,94.0,66.0,9.0,17.0,74.0,22.0,30.0,16.0,14.0,5.0,33.0,12.0,50.0,13.0,31.0,7.0,0.0,0.0,25.0,-1.0,77.0,32.0,15.0,59.0,31.0,9.0,9.0,24,11,37,-1,-1,-1,-1,-1,MA,-1,-1,essex ma,69.0,31.0,69.0,0,0
9,5,S8 NC/SR,-1,Franklin County,25011,306,98,419.0,100.0,7.0,9.0,1.6,654.0,301.0,678.0,13.7,8.9,5.0,34.0,29.0,17.0,15.0,10.0,4.0,85.0,24.0,95.0,75.0,4.0,20.0,73.0,22.0,59.0,17.0,27.0,5.0,29.0,14.0,52.0,10.0,8.0,3.0,1.0,1.0,4.0,-1.0,84.0,74.0,50.0,63.0,26.0,11.0,7.0,6,15,38,-1,-1,-1,-1,-1,MA,-1,-1,franklin ma,92.0,8.0,92.0,0,0
9,6,S236,-1,Franklin County,25011,516,92,158.0,41.0,5.0,11.0,2.3,371.0,275.0,516.0,11.9,5.1,6.0,42.0,29.0,11.0,11.0,24.0,17.0,58.0,19.0,100.0,87.0,12.0,52.0,87.0,63.0,36.0,80.0,22.0,27.0,56.0,10.0,6.0,0.0,11.0,4.0,0.0,0.0,8.0,-1.0,49.0,100.0,50.0,32.0,36.0,32.0,6.0,9,12,52,-1,-1,-1,-1,-1,MA,-1,-1,franklin ma,89.0,11.0,89.0,0,0
9,7,MF/Other,-1,Franklin County,25011,4,100,4.0,-4.0,-4.0,-4.0,-4.0,-4.0,-4.0,-4.0,-4.0,-4.0,-4.0,-4.0,-4.0,-4.0,-4.0,-4.0,-4.0,-4.0,-4.0,-4.0,-4.0,-4.0,-4.0,-4.0,-4.0,-4.0,-4.0,-4.0,-4.0,-4.0,-4.0,-4.0,-4.0,-4.0,-4.0,-4.0,-4.0,-4.0,-1.0,-4.0,-4.0,-4.0,-4.0,-4.0,-4.0,-4.0,-4,-4,-4,-1,-1,-1,-1,-1,MA,-1,-1,franklin ma,-4.0,-4.0,-4.0,0,0
9,5,S8 NC/SR,-1,Hampden County,25013,4712,96,3430.0,86.0,6.0,10.0,1.5,5012.0,291.0,689.0,13.0,8.9,4.0,43.0,26.0,14.0,13.0,11.0,4.0,83.0,23.0,97.0,78.0,3.0,13.0,71.0,15.0,53.0,14.0,23.0,5.0,25.0,14.0,56.0,10.0,48.0,12.0,0.0,1.0,35.0,-1.0,88.0,61.0,27.0,74.0,19.0,7.0,4.0,58,33,25,-1,-1,-1,-1,-1,MA,-1,-1,hampden ma,52.0,48.0,52.0,0,0
9,6,S236,-1,Hampden County,25013,2814,94,1261.0,84.0,8.0,11.0,2.4,3054.0,257.0,651.0,11.8,4.8,16.0,42.0,19.0,12.0,11.0,25.0,15.0,52.0,17.0,98.0,87.0,10.0,47.0,81.0,54.0,28.0,53.0,15.0,19.0,54.0,14.0,12.0,1.0,87.0,17.0,0.0,0.0,70.0,-1.0,73.0,56.0,38.0,41.0,23.0,36.0,8.0,52,28,32,-1,-1,-1,-1,-1,MA,-1,-1,hampden ma,13.0,87.0,13.0,0,0
9,7,MF/Other,-1,Hampden County,25013,1334,95,1613.0,100.0,8.0,9.0,2.0,3235.0,380.0,406.0,15.3,7.6,7.0,33.0,22.0,16.0,21.0,31.0,6.0,62.0,24.0,85.0,65.0,9.0,33.0,78.0,38.0,22.0,12.0,11.0,11.0,44.0,14.0,31.0,5.0,59.0,18.0,0.0,1.0,41.0,-1.0,93.0,46.0,26.0,33.0,49.0,18.0,17.0,28,13,60,-1,-1,-1,-1,-1,MA,-1,-1,hampden ma,41.0,59.0,41.0,0,0
9,5,S8 NC/SR,-1,Hampshire County,25015,379,97,376.0,100.0,6.0,8.0,1.1,431.0,309.0,765.0,14.4,12.6,1.0,30.0,33.0,18.0,18.0,3.0,1.0,96.0,25.0,89.0,63.0,1.0,3.0,74.0,3.0,85.0,9.0,27.0,2.0,13.0,12.0,74.0,16.0,7.0,3.0,0.0,0.0,3.0,-1.0,90.0,94.0,34.0,90.0,7.0,3.0,3.0,9,11,54,-1,-1,-1,-1,-1,MA,-1,-1,hampshire ma,93.0,7.0,93.0,0,0
9,6,S236,-1,Hampshire County,25015,111,99,0.0,-4.0,-4.0,-4.0,-4.0,-4.0,-4.0,-4.0,-4.0,-4.0,-4.0,-4.0,-4.0,-4.0,-4.0,-4.0,-4.0,-4.0,-4.0,-4.0,-4.0,-4.0,-4.0,-4.0,-4.0,-4.0,-4.0,-4.0,-4.0,-4.0,-4.0,-4.0,-4.0,-4.0,-4.0,-4.0,-4.0,-4.0,-1.0,-4.0,-4.0,-4.0,-4.0,-4.0,-4.0,-4.0,-4,-4,-4,-1,-1,-1,-1,-1,MA,-1,-1,hampshire ma,-4.0,-4.0,-4.0,0,0
9,7,MF/Other,-1,Hampshire County,25015,496,93,302.0,70.0,6.0,24.0,1.8,535.0,417.0,480.0,16.6,9.4,8.0,25.0,20.0,20.0,28.0,35.0,3.0,57.0,28.0,91.0,60.0,6.0,29.0,72.0,31.0,32.0,26.0,19.0,9.0,47.0,14.0,30.0,6.0,26.0,6.0,0.0,6.0,15.0,-1.0,69.0,88.0,84.0,54.0,40.0,6.0,3.0,15,15,41,-1,-1,-1,-1,-1,MA,-1,-1,hampshire ma,74.0,26.0,74.0,0,0
9,5,S8 NC/SR,-1,Middlesex County,25017,6759,96,6060.0,100.0,7.0,8.0,1.4,8341.0,358.0,990.0,16.2,11.8,3.0,27.0,26.0,19.0,26.0,13.0,2.0,84.0,25.0,93.0,69.0,3.0,8.0,70.0,10.0,55.0,12.0,19.0,2.0,17.0,12.0,69.0,14.0,21.0,7.0,0.0,3.0,10.0,-1.0,97.0,61.0,30.0,78.0,17.0,5.0,4.0,27,11,33,-1,-1,-1,-1,-1,MA,-1,-1,middlesex ma,79.0,21.0,79.0,0,0
9,6,S236,-1,Middlesex County,25017,1515,88,135.0,28.0,7.0,8.0,1.4,186.0,281.0,407.0,12.8,9.3,7.0,24.0,38.0,24.0,7.0,19.0,1.0,79.0,20.0,100.0,90.0,6.0,6.0,63.0,6.0,8.0,4.0,4.0,1.0,21.0,5.0,73.0,13.0,38.0,18.0,0.0,19.0,1.0,-1.0,117.0,1.0,0.0,81.0,18.0,1.0,3.0,44,15,13,-1,-1,-1,-1,-1,MA,-1,-1,middlesex ma,62.0,38.0,62.0,0,0
9,7,MF/Other,-1,Middlesex County,25017,2993,96,2476.0,100.0,7.0,7.0,1.7,4179.0,401.0,686.0,17.0,10.1,7.0,26.0,22.0,15.0,30.0,30.0,3.0,65.0,26.0,92.0,68.0,8.0,16.0,67.0,20.0,32.0,14.0,15.0,5.0,37.0,16.0,42.0,8.0,43.0,18.0,0.0,5.0,20.0,-1.0,89.0,26.0,21.0,61.0,31.0,7.0,6.0,26,12,31,-1,-1,-1,-1,-1,MA,-1,-1,middlesex ma,57.0,43.0,57.0,0,0
9,5,S8 NC/SR,-1,Nantucket County,25019,0,0,0.0,-4.0,-4.0,-4.0,-4.0,-4.0,-4.0,-4.0,-4.0,-4.0,-4.0,-4.0,-4.0,-4.0,-4.0,-4.0,-4.0,-4.0,-4.0,-4.0,-4.0,-4.0,-4.0,-4.0,-4.0,-4.0,-4.0,-4.0,-4.0,-4.0,-4.0,-4.0,-4.0,-4.0,-4.0,-4.0,-4.0,-4.0,-1.0,-4.0,-4.0,-4.0,-4.0,-4.0,-4.0,-4.0,-4,-4,-4,-1,-1,-1,-1,-1,MA,-1,-1,nantucket ma,-4.0,-4.0,-4.0,0,0
9,6,S236,-1,Nantucket County,25019,0,0,0.0,-4.0,-4.0,-4.0,-4.0,-4.0,-4.0,-4.0,-4.0,-4.0,-4.0,-4.0,-4.0,-4.0,-4.0,-4.0,-4.0,-4.0,-4.0,-4.0,-4.0,-4.0,-4.0,-4.0,-4.0,-4.0,-4.0,-4.0,-4.0,-4.0,-4.0,-4.0,-4.0,-4.0,-4.0,-4.0,-4.0,-4.0,-1.0,-4.0,-4.0,-4.0,-4.0,-4.0,-4.0,-4.0,-4,-4,-4,-1,-1,-1,-1,-1,MA,-1,-1,nantucket ma,-4.0,-4.0,-4.0,0,0
9,7,MF/Other,-1,Nantucket County,25019,8,97,8.0,-4.0,-4.0,-4.0,-4.0,-4.0,-4.0,-4.0,-4.0,-4.0,-4.0,-4.0,-4.0,-4.0,-4.0,-4.0,-4.0,-4.0,-4.0,-4.0,-4.0,-4.0,-4.0,-4.0,-4.0,-4.0,-4.0,-4.0,-4.0,-4.0,-4.0,-4.0,-4.0,-4.0,-4.0,-4.0,-4.0,-4.0,-1.0,-4.0,-4.0,-4.0,-4.0,-4.0,-4.0,-4.0,-4,-4,-4,-1,-1,-1,-1,-1,MA,-1,-1,nantucket ma,-4.0,-4.0,-4.0,0,0
9,5,S8 NC/SR,-1,Norfolk County,25021,2722,95,2540.0,100.0,6.0,7.0,1.2,2956.0,359.0,875.0,16.9,14.5,1.0,20.0,28.0,24.0,28.0,3.0,0.0,96.0,27.0,94.0,65.0,0.0,1.0,69.0,1.0,86.0,9.0,17.0,1.0,6.0,7.0,86.0,23.0,9.0,4.0,0.0,3.0,2.0,-1.0,95.0,52.0,31.0,87.0,13.0,1.0,4.0,16,6,51,-1,-1,-1,-1,-1,MA,-1,-1,norfolk ma,91.0,9.0,91.0,0,0
9,6,S236,-1,Norfolk County,25021,1297,83,52.0,13.0,3.0,8.0,1.1,58.0,271.0,354.0,12.8,11.5,0.0,31.0,48.0,15.0,6.0,0.0,0.0,100.0,21.0,100.0,90.0,0.0,0.0,60.0,0.0,100.0,2.0,3.0,0.0,0.0,2.0,98.0,23.0,8.0,0.0,0.0,8.0,0.0,-1.0,89.0,0.0,0.0,98.0,2.0,0.0,0.0,17,8,33,-1,-1,-1,-1,-1,MA,-1,-1,norfolk ma,92.0,8.0,92.0,0,0
9,7,MF/Other,-1,Norfolk County,25021,465,97,552.0,100.0,7.0,10.0,1.5,850.0,557.0,450.0,20.6,13.4,2.0,24.0,18.0,17.0,39.0,25.0,1.0,73.0,31.0,82.0,55.0,7.0,11.0,71.0,14.0,38.0,11.0,15.0,2.0,26.0,12.0,60.0,11.0,32.0,21.0,1.0,7.0,3.0,-1.0,92.0,4.0,2.0,71.0,21.0,8.0,6.0,12,6,51,-1,-1,-1,-1,-1,MA,-1,-1,norfolk ma,68.0,32.0,68.0,0,0
9,5,S8 NC/SR,-1,Plymouth County,25023,2141,96,1673.0,100.0,7.0,8.0,1.4,2314.0,331.0,874.0,15.1,10.9,3.0,30.0,27.0,18.0,22.0,12.0,3.0,85.0,23.0,87.0,65.0,3.0,9.0,72.0,11.0,65.0,15.0,26.0,4.0,18.0,14.0,64.0,11.0,26.0,18.0,0.0,0.0,7.0,-1.0,90.0,62.0,23.0,77.0,18.0,6.0,5.0,29,17,46,-1,-1,-1,-1,-1,MA,-1,-1,plymouth ma,74.0,26.0,74.0,0,0
9,6,S236,-1,Plymouth County,25023,915,97,50.0,26.0,8.0,10.0,1.8,90.0,513.0,247.0,22.4,12.5,6.0,14.0,14.0,12.0,54.0,30.0,4.0,66.0,29.0,58.0,28.0,10.0,24.0,64.0,26.0,20.0,16.0,10.0,6.0,36.0,8.0,50.0,6.0,40.0,26.0,0.0,0.0,14.0,-1.0,84.0,46.0,20.0,46.0,40.0,14.0,14.0,28,11,37,-1,-1,-1,-1,-1,MA,-1,-1,plymouth ma,60.0,40.0,60.0,0,0
9,7,MF/Other,-1,Plymouth County,25023,1037,95,891.0,100.0,6.0,11.0,2.4,2099.0,425.0,786.0,16.0,6.8,7.0,27.0,23.0,16.0,27.0,40.0,9.0,49.0,23.0,90.0,67.0,12.0,44.0,86.0,53.0,22.0,14.0,10.0,11.0,53.0,16.0,20.0,2.0,39.0,25.0,0.0,1.0,13.0,-1.0,95.0,36.0,30.0,27.0,43.0,30.0,9.0,22,11,47,-1,-1,-1,-1,-1,MA,-1,-1,plymouth ma,61.0,39.0,61.0,0,0
9,5,S8 NC/SR,-1,Suffolk County,25025,13938,97,11321.0,97.0,7.0,6.0,1.6,18605.0,343.0,1274.0,14.9,9.1,5.0,39.0,23.0,12.0,21.0,22.0,4.0,73.0,22.0,94.0,79.0,7.0,12.0,64.0,16.0,32.0,15.0,14.0,3.0,23.0,14.0,60.0,11.0,57.0,21.0,1.0,17.0,18.0,-1.0,112.0,67.0,40.0,67.0,22.0,11.0,7.0,49,24,5,-1,-1,-1,-1,-1,MA,-1,-1,suffolk ma,43.0,57.0,43.0,0,0
9,6,S236,-1,Suffolk County,25025,1933,94,1854.0,100.0,7.0,6.0,1.9,3503.0,340.0,1240.0,14.7,7.8,8.0,40.0,21.0,10.0,22.0,32.0,6.0,60.0,20.0,92.0,78.0,8.0,24.0,70.0,29.0,26.0,21.0,13.0,6.0,38.0,17.0,39.0,6.0,69.0,22.0,0.0,11.0,36.0,-1.0,109.0,36.0,18.0,52.0,31.0,17.0,10.0,78,29,4,-1,-1,-1,-1,-1,MA,-1,-1,suffolk ma,31.0,69.0,31.0,0,0
9,7,MF/Other,-1,Suffolk County,25025,11392,91,8864.0,94.0,7.0,7.0,2.0,17689.0,369.0,865.0,16.1,8.1,9.0,32.0,20.0,12.0,27.0,39.0,6.0,53.0,23.0,93.0,74.0,11.0,28.0,73.0,35.0,18.0,17.0,10.0,6.0,43.0,16.0,34.0,4.0,80.0,48.0,0.0,4.0,28.0,-1.0,105.0,68.0,38.0,44.0,32.0,24.0,12.0,75,27,7,-1,-1,-1,-1,-1,MA,-1,-1,suffolk ma,20.0,80.0,20.0,0,0
9,5,S8 NC/SR,-1,Worcester County,25027,4424,98,4387.0,100.0,6.0,9.0,1.6,6853.0,316.0,819.0,14.3,9.2,3.0,33.0,28.0,18.0,18.0,12.0,4.0,84.0,24.0,97.0,74.0,5.0,13.0,71.0,17.0,54.0,17.0,23.0,5.0,23.0,13.0,60.0,13.0,21.0,4.0,0.0,2.0,15.0,-1.0,86.0,55.0,21.0,69.0,20.0,11.0,5.0,29,21,30,-1,-1,-1,-1,-1,MA,-1,-1,worcester ma,79.0,21.0,79.0,0,0
9,6,S236,-1,Worcester County,25027,2970,96,399.0,29.0,6.0,13.0,2.6,1036.0,375.0,530.0,14.6,5.6,11.0,31.0,18.0,14.0,26.0,37.0,16.0,43.0,22.0,98.0,72.0,19.0,48.0,81.0,60.0,17.0,23.0,8.0,26.0,49.0,14.0,12.0,3.0,39.0,13.0,1.0,1.0,24.0,-1.0,53.0,94.0,52.0,23.0,44.0,33.0,7.0,22,12,45,-1,-1,-1,-1,-1,MA,-1,-1,worcester ma,61.0,39.0,61.0,0,0
9,7,MF/Other,-1,Worcester County,25027,1545,91,2151.0,100.0,6.0,19.0,2.0,4217.0,471.0,408.0,19.6,10.0,8.0,21.0,20.0,16.0,36.0,36.0,4.0,56.0,29.0,80.0,53.0,12.0,25.0,72.0,31.0,23.0,19.0,12.0,7.0,42.0,16.0,34.0,6.0,45.0,18.0,0.0,1.0,25.0,-1.0,84.0,42.0,26.0,47.0,38.0,16.0,9.0,26,14,37,-1,-1,-1,-1,-1,MA,-1,-1,worcester ma,55.0,45.0,55.0,0,0
9,5,S8 NC/SR,-1,Missing County,25999,0,0,27.0,0.0,10.0,15.0,1.5,40.0,259.0,971.0,11.5,7.8,15.0,37.0,30.0,11.0,7.0,0.0,15.0,85.0,-2.0,-2.0,-2.0,0.0,0.0,41.0,0.0,33.0,8.0,8.0,0.0,4.0,7.0,89.0,15.0,4.0,0.0,0.0,4.0,0.0,-1.0,114.0,100.0,43.0,67.0,33.0,0.0,0.0,-2,-2,-2,-1,-1,-1,-1,-1,MA,-1,-1,nan ma,96.0,4.0,96.0,0,0
9,6,S236,-1,Missing County,25999,0,0,0.0,-4.0,-4.0,-4.0,-4.0,-4.0,-4.0,-4.0,-4.0,-4.0,-4.0,-4.0,-4.0,-4.0,-4.0,-4.0,-4.0,-4.0,-4.0,-4.0,-4.0,-4.0,-4.0,-4.0,-4.0,-4.0,-4.0,-4.0,-4.0,-4.0,-4.0,-4.0,-4.0,-4.0,-4.0,-4.0,-4.0,-4.0,-1.0,-4.0,-4.0,-4.0,-4.0,-4.0,-4.0,-4.0,-4,-4,-4,-1,-1,-1,-1,-1,MA,-1,-1,nan ma,-4.0,-4.0,-4.0,0,0
9,7,MF/Other,-1,Missing County,25999,0,0,0.0,-4.0,-4.0,-4.0,-4.0,-4.0,-4.0,-4.0,-4.0,-4.0,-4.0,-4.0,-4.0,-4.0,-4.0,-4.0,-4.0,-4.0,-4.0,-4.0,-4.0,-4.0,-4.0,-4.0,-4.0,-4.0,-4.0,-4.0,-4.0,-4.0,-4.0,-4.0,-4.0,-4.0,-4.0,-4.0,-4.0,-4.0,-1.0,-4.0,-4.0,-4.0,-4.0,-4.0,-4.0,-4.0,-4,-4,-4,-1,-1,-1,-1,-1,MA,-1,-1,nan ma,-4.0,-4.0,-4.0,0,0
9,8,LIHTC,-1,Barnstable County,25001,452,96,,,,,,,,,,,,,,,,,,,,,,,,,,,,,,,,,,,,,,,,,,,,,,,9,6,59,-1,-1,-1,-1,-1,MA,-1,-1,barnstable ma,,,,0,0
9,8,LIHTC,-1,Berkshire County,25003,661,95,,,,,,,,,,,,,,,,,,,,,,,,,,,,,,,,,,,,,,,,,,,,,,,11,17,31,-1,-1,-1,-1,-1,MA,-1,-1,berkshire ma,,,,0,0
9,8,LIHTC,-1,Bristol County,25005,2491,62,,,,,,,,,,,,,,,,,,,,,,,,,,,,,,,,,,,,,,,,,,,,,,,15,16,38,-1,-1,-1,-1,-1,MA,-1,-1,bristol ma,,,,0,0
9,8,LIHTC,-1,Dukes County,25007,6,100,,,,,,,,,,,,,,,,,,,,,,,,,,,,,,,,,,,,,,,,,,,,,,,11,12,62,-1,-1,-1,-1,-1,MA,-1,-1,dukes ma,,,,0,0
9,8,LIHTC,-1,Essex County,25009,2658,57,,,,,,,,,,,,,,,,,,,,,,,,,,,,,,,,,,,,,,,,,,,,,,,45,21,19,-1,-1,-1,-1,-1,MA,-1,-1,essex ma,,,,0,0
9,8,LIHTC,-1,Franklin County,25011,330,84,,,,,,,,,,,,,,,,,,,,,,,,,,,,,,,,,,,,,,,,,,,,,,,7,13,50,-1,-1,-1,-1,-1,MA,-1,-1,franklin ma,,,,0,0
9,8,LIHTC,-1,Hampden County,25013,4370,91,,,,,,,,,,,,,,,,,,,,,,,,,,,,,,,,,,,,,,,,,,,,,,,74,38,12,-1,-1,-1,-1,-1,MA,-1,-1,hampden ma,,,,0,0
9,8,LIHTC,-1,Hampshire County,25015,995,76,,,,,,,,,,,,,,,,,,,,,,,,,,,,,,,,,,,,,,,,,,,,,,,10,11,46,-1,-1,-1,-1,-1,MA,-1,-1,hampshire ma,,,,0,0
9,8,LIHTC,-1,Middlesex County,25017,5364,58,,,,,,,,,,,,,,,,,,,,,,,,,,,,,,,,,,,,,,,,,,,,,,,40,19,15,-1,-1,-1,-1,-1,MA,-1,-1,middlesex ma,,,,0,0
9,8,LIHTC,-1,Nantucket County,25019,0,0,,,,,,,,,,,,,,,,,,,,,,,,,,,,,,,,,,,,,,,,,,,,,,,-4,-4,-4,-1,-1,-1,-1,-1,MA,-1,-1,nantucket ma,,,,0,0
9,8,LIHTC,-1,Norfolk County,25021,1752,63,,,,,,,,,,,,,,,,,,,,,,,,,,,,,,,,,,,,,,,,,,,,,,,16,5,45,-1,-1,-1,-1,-1,MA,-1,-1,norfolk ma,,,,0,0
9,8,LIHTC,-1,Plymouth County,25023,1388,76,,,,,,,,,,,,,,,,,,,,,,,,,,,,,,,,,,,,,,,,,,,,,,,31,14,49,-1,-1,-1,-1,-1,MA,-1,-1,plymouth ma,,,,0,0
9,8,LIHTC,-1,Suffolk County,25025,16190,84,,,,,,,,,,,,,,,,,,,,,,,,,,,,,,,,,,,,,,,,,,,,,,,74,29,3,-1,-1,-1,-1,-1,MA,-1,-1,suffolk ma,,,,0,0
9,8,LIHTC,-1,Worcester County,25027,3909,74,,,,,,,,,,,,,,,,,,,,,,,,,,,,,,,,,,,,,,,,,,,,,,,29,22,26,-1,-1,-1,-1,-1,MA,-1,-1,worcester ma,,,,0,0
9,8,LIHTC,-1,Missing County,25999,95,100,,,,,,,,,,,,,,,,,,,,,,,,,,,,,,,,,,,,,,,,,,,,,,,0,0,0,-1,-1,-1,-1,-1,MA,-1,-1,nan ma,,,,0,0
9,2,PH,-1,Barnstable County,25001,287,100,285.0,100.0,8.0,13.0,1.1,308.0,328.0,286.0,15.3,14.1,0.0,26.0,32.0,19.0,22.0,4.0,0.0,96.0,29.0,94.0,62.0,0.0,0.0,71.0,0.0,97.0,22.0,32.0,0.0,5.0,9.0,86.0,13.0,8.0,7.0,0.0,0.0,1.0,9.0,90.0,43.0,14.0,100.0,0.0,0.0,0.0,10,15,47,-1,-1,-1,-1,-1,MA,-1,-1,barnstable ma,92.0,8.0,92.0,0,0
9,2,PH,-1,Berkshire County,25003,470,93,482.0,100.0,6.0,18.0,1.8,891.0,286.0,508.0,13.6,7.5,6.0,37.0,29.0,13.0,14.0,17.0,6.0,74.0,20.0,86.0,71.0,8.0,21.0,69.0,26.0,49.0,14.0,21.0,5.0,33.0,18.0,44.0,7.0,20.0,10.0,0.0,1.0,8.0,8.0,83.0,36.0,20.0,60.0,15.0,24.0,9.0,8,21,23,-1,-1,-1,-1,-1,MA,-1,-1,berkshire ma,80.0,20.0,80.0,0,0
9,2,PH,-1,Bristol County,25005,3542,94,3279.0,98.0,5.0,22.0,2.2,7280.0,309.0,590.0,15.6,7.1,5.0,37.0,23.0,13.0,22.0,30.0,11.0,58.0,24.0,85.0,69.0,14.0,31.0,75.0,40.0,39.0,43.0,21.0,10.0,44.0,15.0,31.0,4.0,52.0,13.0,0.0,3.0,35.0,14.0,74.0,9.0,4.0,39.0,33.0,28.0,10.0,23,22,22,-1,-1,-1,-1,-1,MA,-1,-1,bristol ma,48.0,52.0,48.0,0,0
9,2,PH,-1,Dukes County,25007,0,0,0.0,-4.0,-4.0,-4.0,-4.0,-4.0,-4.0,-4.0,-4.0,-4.0,-4.0,-4.0,-4.0,-4.0,-4.0,-4.0,-4.0,-4.0,-4.0,-4.0,-4.0,-4.0,-4.0,-4.0,-4.0,-4.0,-4.0,-4.0,-4.0,-4.0,-4.0,-4.0,-4.0,-4.0,-4.0,-4.0,-4.0,-4.0,-4.0,-4.0,-4.0,-4.0,-4.0,-4.0,-4.0,-4.0,-4,-4,-4,-1,-1,-1,-1,-1,MA,-1,-1,dukes ma,-4.0,-4.0,-4.0,0,0
9,2,PH,-1,Essex County,25009,2217,99,2128.0,97.0,5.0,13.0,1.9,3942.0,350.0,477.0,16.5,8.9,3.0,38.0,19.0,15.0,25.0,26.0,4.0,69.0,24.0,90.0,73.0,11.0,18.0,73.0,27.0,49.0,41.0,29.0,3.0,33.0,20.0,44.0,5.0,56.0,3.0,0.0,2.0,51.0,25.0,96.0,30.0,22.0,59.0,24.0,17.0,4.0,48,23,16,-1,-1,-1,-1,-1,MA,-1,-1,essex ma,44.0,56.0,44.0,0,0
9,2,PH,-1,Franklin County,25011,0,0,0.0,-4.0,-4.0,-4.0,-4.0,-4.0,-4.0,-4.0,-4.0,-4.0,-4.0,-4.0,-4.0,-4.0,-4.0,-4.0,-4.0,-4.0,-4.0,-4.0,-4.0,-4.0,-4.0,-4.0,-4.0,-4.0,-4.0,-4.0,-4.0,-4.0,-4.0,-4.0,-4.0,-4.0,-4.0,-4.0,-4.0,-4.0,-4.0,-4.0,-4.0,-4.0,-4.0,-4.0,-4.0,-4.0,-4,-4,-4,-1,-1,-1,-1,-1,MA,-1,-1,franklin ma,-4.0,-4.0,-4.0,0,0
9,2,PH,-1,Hampden County,25013,2414,96,2267.0,98.0,5.0,14.0,1.9,4317.0,279.0,526.0,12.5,6.6,4.0,51.0,24.0,11.0,11.0,16.0,9.0,74.0,21.0,98.0,87.0,8.0,22.0,67.0,28.0,56.0,84.0,39.0,7.0,36.0,23.0,34.0,3.0,81.0,10.0,0.0,0.0,71.0,16.0,79.0,57.0,42.0,55.0,20.0,26.0,13.0,66,38,16,-1,-1,-1,-1,-1,MA,-1,-1,hampden ma,19.0,81.0,19.0,0,0
9,2,PH,-1,Hampshire County,25015,125,95,119.0,100.0,3.0,12.0,2.2,257.0,341.0,454.0,15.8,7.4,5.0,31.0,18.0,20.0,25.0,29.0,3.0,65.0,25.0,95.0,66.0,14.0,25.0,70.0,36.0,62.0,37.0,28.0,5.0,49.0,21.0,25.0,2.0,41.0,4.0,0.0,2.0,35.0,10.0,83.0,50.0,71.0,47.0,25.0,28.0,3.0,15,15,17,-1,-1,-1,-1,-1,MA,-1,-1,hampshire ma,59.0,41.0,59.0,0,0
9,2,PH,-1,Middlesex County,25017,6862,96,5955.0,90.0,6.0,12.0,1.8,10941.0,363.0,411.0,17.0,9.3,4.0,31.0,23.0,14.0,27.0,24.0,4.0,71.0,24.0,87.0,69.0,11.0,14.0,67.0,21.0,48.0,33.0,25.0,2.0,30.0,20.0,49.0,6.0,43.0,18.0,1.0,10.0,15.0,17.0,108.0,21.0,11.0,64.0,20.0,16.0,6.0,40,19,16,-1,-1,-1,-1,-1,MA,-1,-1,middlesex ma,57.0,43.0,57.0,0,0
9,2,PH,-1,Nantucket County,25019,0,0,0.0,-4.0,-4.0,-4.0,-4.0,-4.0,-4.0,-4.0,-4.0,-4.0,-4.0,-4.0,-4.0,-4.0,-4.0,-4.0,-4.0,-4.0,-4.0,-4.0,-4.0,-4.0,-4.0,-4.0,-4.0,-4.0,-4.0,-4.0,-4.0,-4.0,-4.0,-4.0,-4.0,-4.0,-4.0,-4.0,-4.0,-4.0,-4.0,-4.0,-4.0,-4.0,-4.0,-4.0,-4.0,-4.0,-4,-4,-4,-1,-1,-1,-1,-1,MA,-1,-1,nantucket ma,-4.0,-4.0,-4.0,0,0
9,2,PH,-1,Norfolk County,25021,1494,98,1465.0,100.0,5.0,12.0,1.6,2329.0,360.0,472.0,16.3,10.3,5.0,33.0,23.0,14.0,25.0,20.0,3.0,76.0,22.0,86.0,69.0,7.0,8.0,62.0,12.0,51.0,17.0,21.0,1.0,22.0,14.0,62.0,8.0,29.0,6.0,0.0,18.0,4.0,14.0,98.0,9.0,9.0,77.0,12.0,12.0,3.0,24,15,24,-1,-1,-1,-1,-1,MA,-1,-1,norfolk ma,71.0,29.0,71.0,0,0
9,2,PH,-1,Plymouth County,25023,1512,98,1433.0,96.0,6.0,15.0,1.4,1954.0,325.0,486.0,14.5,10.7,5.0,36.0,26.0,14.0,19.0,12.0,3.0,84.0,23.0,86.0,68.0,4.0,6.0,65.0,9.0,73.0,23.0,33.0,0.0,15.0,23.0,62.0,8.0,34.0,24.0,0.0,0.0,9.0,13.0,89.0,10.0,9.0,87.0,5.0,8.0,3.0,32,15,40,-1,-1,-1,-1,-1,MA,-1,-1,plymouth ma,66.0,34.0,66.0,0,0
9,2,PH,-1,Suffolk County,25025,11651,95,10554.0,96.0,7.0,12.0,2.0,20823.0,325.0,761.0,14.6,7.4,8.0,41.0,20.0,11.0,20.0,31.0,7.0,61.0,21.0,91.0,79.0,10.0,24.0,69.0,31.0,38.0,51.0,26.0,4.0,41.0,20.0,35.0,4.0,77.0,34.0,0.0,8.0,35.0,32.0,119.0,11.0,10.0,51.0,28.0,21.0,9.0,58,32,5,-1,-1,-1,-1,-1,MA,-1,-1,suffolk ma,23.0,77.0,23.0,0,0
9,2,PH,-1,Worcester County,25027,2626,96,2510.0,99.0,5.0,15.0,1.8,4514.0,297.0,524.0,13.6,7.6,7.0,42.0,23.0,13.0,15.0,16.0,8.0,73.0,20.0,90.0,77.0,10.0,14.0,66.0,22.0,52.0,72.0,38.0,4.0,31.0,19.0,46.0,6.0,50.0,7.0,0.0,0.0,42.0,12.0,85.0,9.0,8.0,71.0,13.0,16.0,1.0,49,30,12,-1,-1,-1,-1,-1,MA,-1,-1,worcester ma,50.0,50.0,50.0,0,0
9,2,PH,-1,Missing County,25999,0,0,0.0,-4.0,-4.0,-4.0,-4.0,-4.0,-4.0,-4.0,-4.0,-4.0,-4.0,-4.0,-4.0,-4.0,-4.0,-4.0,-4.0,-4.0,-4.0,-4.0,-4.0,-4.0,-4.0,-4.0,-4.0,-4.0,-4.0,-4.0,-4.0,-4.0,-4.0,-4.0,-4.0,-4.0,-4.0,-4.0,-4.0,-4.0,-4.0,-4.0,-4.0,-4.0,-4.0,-4.0,-4.0,-4.0,-4,-4,-4,-1,-1,-1,-1,-1,MA,-1,-1,nan ma,-4.0,-4.0,-4.0,0,0
9,3,VO,-1,Barnstable County,25001,-1,-1,1937.0,-1.0,4.0,8.0,2.1,4053.0,374.0,835.0,14.6,7.0,7.0,37.0,20.0,15.0,22.0,30.0,7.0,60.0,22.0,91.0,71.0,13.0,31.0,75.0,40.0,54.0,68.0,31.0,2.0,59.0,26.0,12.0,1.0,18.0,10.0,2.0,1.0,4.0,26.0,87.0,74.0,152.0,36.0,37.0,28.0,13.0,10,10,59,-1,-1,-1,-1,-1,MA,-1,-1,barnstable ma,82.0,18.0,82.0,0,0
9,3,VO,-1,Berkshire County,25003,-1,-1,1548.0,-1.0,5.0,17.0,2.2,3344.0,298.0,509.0,12.8,5.9,7.0,43.0,22.0,14.0,14.0,26.0,6.0,65.0,20.0,97.0,82.0,12.0,37.0,78.0,45.0,52.0,55.0,27.0,9.0,58.0,19.0,13.0,1.0,15.0,8.0,0.0,0.0,6.0,22.0,74.0,84.0,119.0,38.0,33.0,29.0,11.0,10,16,34,-1,-1,-1,-1,-1,MA,-1,-1,berkshire ma,85.0,15.0,85.0,0,0
9,3,VO,-1,Bristol County,25005,-1,-1,5438.0,-1.0,5.0,7.0,2.1,11200.0,345.0,662.0,13.8,6.7,4.0,40.0,24.0,15.0,16.0,21.0,12.0,66.0,22.0,97.0,81.0,10.0,31.0,81.0,39.0,57.0,52.0,33.0,2.0,55.0,20.0,23.0,3.0,26.0,12.0,1.0,1.0,12.0,27.0,84.0,84.0,143.0,28.0,39.0,34.0,27.0,17,18,23,-1,-1,-1,-1,-1,MA,-1,-1,bristol ma,74.0,26.0,74.0,0,0
9,3,VO,-1,Dukes County,25007,-1,-1,24.0,-1.0,5.0,0.0,2.0,47.0,373.0,1006.0,16.1,8.2,0.0,29.0,42.0,13.0,17.0,46.0,4.0,50.0,24.0,79.0,75.0,13.0,46.0,71.0,46.0,37.0,60.0,26.0,0.0,63.0,17.0,21.0,4.0,17.0,13.0,0.0,0.0,4.0,-2.0,77.0,83.0,164.0,33.0,33.0,33.0,8.0,9,7,61,-1,-1,-1,-1,-1,MA,-1,-1,dukes ma,83.0,17.0,83.0,0,0
9,3,VO,-1,Essex County,25009,-1,-1,9080.0,-1.0,5.0,10.0,2.3,21283.0,383.0,851.0,16.0,6.8,6.0,32.0,20.0,15.0,26.0,34.0,7.0,56.0,22.0,95.0,76.0,16.0,34.0,83.0,47.0,41.0,60.0,24.0,3.0,59.0,21.0,17.0,2.0,52.0,6.0,0.0,1.0,45.0,26.0,80.0,85.0,139.0,27.0,33.0,39.0,17.0,35,16,26,-1,-1,-1,-1,-1,MA,-1,-1,essex ma,48.0,52.0,48.0,0,0
9,3,VO,-1,Franklin County,25011,-1,-1,910.0,-1.0,5.0,13.0,1.8,1627.0,324.0,564.0,12.9,7.3,8.0,39.0,25.0,14.0,13.0,20.0,6.0,70.0,21.0,97.0,82.0,10.0,24.0,70.0,30.0,63.0,59.0,38.0,4.0,54.0,25.0,17.0,2.0,10.0,2.0,0.0,1.0,7.0,17.0,71.0,77.0,126.0,50.0,30.0,21.0,13.0,7,15,41,-1,-1,-1,-1,-1,MA,-1,-1,franklin ma,90.0,10.0,90.0,0,0
9,3,VO,-1,Hampden County,25013,-1,-1,8197.0,-1.0,4.0,11.0,2.6,21061.0,361.0,579.0,13.9,5.4,6.0,37.0,22.0,17.0,18.0,29.0,15.0,55.0,21.0,98.0,81.0,15.0,43.0,88.0,56.0,46.0,87.0,27.0,5.0,64.0,18.0,13.0,1.0,84.0,16.0,0.0,0.0,67.0,32.0,91.0,85.0,144.0,23.0,36.0,41.0,13.0,56,30,24,-1,-1,-1,-1,-1,MA,-1,-1,hampden ma,16.0,84.0,16.0,0,0
9,3,VO,-1,Hampshire County,25015,-1,-1,1177.0,-1.0,4.0,10.0,2.1,2436.0,369.0,619.0,14.5,7.0,6.0,37.0,20.0,17.0,20.0,27.0,8.0,62.0,23.0,94.0,74.0,11.0,33.0,77.0,40.0,51.0,65.0,30.0,4.0,58.0,23.0,16.0,1.0,34.0,8.0,1.0,4.0,22.0,22.0,84.0,87.0,106.0,37.0,42.0,21.0,11.0,14,12,45,-1,-1,-1,-1,-1,MA,-1,-1,hampshire ma,66.0,34.0,66.0,0,0
9,3,VO,-1,Middlesex County,25017,-1,-1,12855.0,-1.0,5.0,20.0,2.2,28418.0,412.0,1040.0,16.8,7.6,6.0,31.0,21.0,14.0,28.0,33.0,6.0,58.0,23.0,93.0,74.0,13.0,27.0,70.0,37.0,42.0,57.0,24.0,14.0,53.0,19.0,14.0,2.0,31.0,11.0,0.0,3.0,18.0,33.0,85.0,85.0,131.0,33.0,34.0,32.0,11.0,27,11,28,-1,-1,-1,-1,-1,MA,-1,-1,middlesex ma,69.0,31.0,69.0,0,0
9,3,VO,-1,Nantucket County,25019,-1,-1,1.0,-1.0,-4.0,-4.0,-4.0,0.0,-4.0,0.0,-4.0,0.0,-4.0,-4.0,-4.0,-4.0,-4.0,-4.0,-4.0,-4.0,-4.0,-4.0,-4.0,-4.0,-4.0,-4.0,-4.0,-4.0,-4.0,-4.0,-4.0,-4.0,-4.0,-4.0,-4.0,-4.0,-4.0,-4.0,-4.0,-4.0,-4.0,-4.0,-4.0,-4.0,-4.0,-4.0,-4.0,-4.0,0,0,0,-1,-1,-1,-1,-1,MA,-1,-1,nantucket ma,-4.0,-4.0,-4.0,0,0
9,3,VO,-1,Norfolk County,25021,-1,-1,5614.0,-1.0,5.0,8.0,2.1,12031.0,416.0,1046.0,16.4,7.7,6.0,32.0,22.0,14.0,26.0,31.0,6.0,61.0,22.0,92.0,74.0,13.0,32.0,79.0,43.0,45.0,50.0,26.0,2.0,60.0,21.0,17.0,3.0,37.0,24.0,1.0,3.0,9.0,39.0,76.0,82.0,125.0,35.0,36.0,29.0,13.0,16,6,46,-1,-1,-1,-1,-1,MA,-1,-1,norfolk ma,63.0,37.0,63.0,0,0
9,3,VO,-1,Plymouth County,25023,-1,-1,3658.0,-1.0,5.0,8.0,2.5,9305.0,414.0,994.0,15.5,6.1,7.0,34.0,20.0,14.0,25.0,32.0,13.0,53.0,21.0,92.0,75.0,17.0,41.0,86.0,55.0,42.0,71.0,23.0,2.0,69.0,19.0,10.0,1.0,38.0,24.0,1.0,1.0,13.0,52.0,82.0,88.0,195.0,21.0,36.0,43.0,15.0,26,12,46,-1,-1,-1,-1,-1,MA,-1,-1,plymouth ma,62.0,38.0,62.0,0,0
9,3,VO,-1,Suffolk County,25025,-1,-1,15798.0,-1.0,5.0,9.0,2.5,38835.0,425.0,1136.0,16.8,6.8,8.0,33.0,19.0,12.0,29.0,35.0,11.0,51.0,22.0,91.0,74.0,18.0,35.0,82.0,50.0,37.0,74.0,22.0,3.0,61.0,19.0,16.0,1.0,76.0,47.0,1.0,3.0,26.0,27.0,97.0,88.0,162.0,22.0,29.0,49.0,24.0,66,20,13,-1,-1,-1,-1,-1,MA,-1,-1,suffolk ma,24.0,76.0,24.0,0,0
9,3,VO,-1,Worcester County,25027,-1,-1,5403.0,-1.0,5.0,7.0,2.4,12900.0,369.0,670.0,14.1,6.0,6.0,38.0,23.0,14.0,19.0,26.0,13.0,58.0,21.0,96.0,81.0,16.0,35.0,81.0,47.0,51.0,74.0,28.0,3.0,62.0,22.0,13.0,1.0,48.0,7.0,0.0,1.0,40.0,20.0,89.0,82.0,136.0,28.0,32.0,40.0,16.0,26,17,30,-1,-1,-1,-1,-1,MA,-1,-1,worcester ma,52.0,48.0,52.0,0,0
9,3,VO,-1,Missing County,25999,-1,-1,9.0,-1.0,-4.0,-4.0,-4.0,0.0,-4.0,0.0,-4.0,0.0,-4.0,-4.0,-4.0,-4.0,-4.0,-4.0,-4.0,-4.0,-4.0,-4.0,-4.0,-4.0,-4.0,-4.0,-4.0,-4.0,-4.0,-4.0,-4.0,-4.0,-4.0,-4.0,-4.0,-4.0,-4.0,-4.0,-4.0,-4.0,-4.0,-4.0,-4.0,-4.0,-4.0,-4.0,-4.0,-4.0,0,0,0,-1,-1,-1,-1,-1,MA,-1,-1,nan ma,-4.0,-4.0,-4.0,0,0
9,4,MR,-1,Barnstable County,25001,-1,-1,0.0,-1.0,-4.0,-4.0,-4.0,-4.0,-4.0,-4.0,-4.0,-4.0,-4.0,-4.0,-4.0,-4.0,-4.0,-4.0,-4.0,-4.0,-4.0,-4.0,-4.0,-4.0,-4.0,-4.0,-4.0,-4.0,-4.0,-4.0,-4.0,-4.0,-4.0,-4.0,-4.0,-4.0,-4.0,-4.0,-4.0,-4.0,-4.0,-4.0,-4.0,-4.0,-4.0,-4.0,-4.0,-4.0,-4,-4,-4,-1,-1,-1,-1,-1,MA,-1,-1,barnstable ma,-4.0,-4.0,-4.0,0,0
9,4,MR,-1,Berkshire County,25003,-1,-1,21.0,-1.0,5.0,33.0,2.1,44.0,211.0,576.0,10.4,4.9,24.0,52.0,10.0,0.0,14.0,33.0,52.0,0.0,15.0,95.0,86.0,0.0,95.0,100.0,95.0,0.0,0.0,0.0,90.0,5.0,0.0,5.0,0.0,14.0,10.0,0.0,0.0,5.0,3.0,25.0,100.0,59.0,86.0,14.0,0.0,0.0,10,16,34,-1,-1,-1,-1,-1,MA,-1,-1,berkshire ma,86.0,14.0,86.0,0,0
9,4,MR,-1,Bristol County,25005,-1,-1,46.0,-1.0,4.0,24.0,1.6,73.0,289.0,594.0,12.5,7.9,2.0,50.0,20.0,15.0,13.0,22.0,11.0,67.0,22.0,100.0,78.0,7.0,28.0,67.0,35.0,55.0,63.0,40.0,7.0,54.0,22.0,17.0,2.0,13.0,11.0,0.0,2.0,0.0,0.0,61.0,87.0,81.0,26.0,54.0,20.0,41.0,17,18,23,-1,-1,-1,-1,-1,MA,-1,-1,bristol ma,87.0,13.0,87.0,0,0
9,4,MR,-1,Dukes County,25007,-1,-1,0.0,-1.0,-4.0,-4.0,-4.0,-4.0,-4.0,-4.0,-4.0,-4.0,-4.0,-4.0,-4.0,-4.0,-4.0,-4.0,-4.0,-4.0,-4.0,-4.0,-4.0,-4.0,-4.0,-4.0,-4.0,-4.0,-4.0,-4.0,-4.0,-4.0,-4.0,-4.0,-4.0,-4.0,-4.0,-4.0,-4.0,-4.0,-4.0,-4.0,-4.0,-4.0,-4.0,-4.0,-4.0,-4.0,-4,-4,-4,-1,-1,-1,-1,-1,MA,-1,-1,dukes ma,-4.0,-4.0,-4.0,0,0
9,4,MR,-1,Essex County,25009,-1,-1,259.0,-1.0,4.0,15.0,1.5,379.0,256.0,810.0,11.6,7.8,15.0,47.0,22.0,6.0,9.0,19.0,7.0,66.0,16.0,99.0,92.0,3.0,17.0,58.0,17.0,54.0,57.0,41.0,4.0,51.0,31.0,14.0,2.0,49.0,12.0,0.0,2.0,35.0,9.0,85.0,71.0,52.0,65.0,26.0,8.0,11.0,35,16,26,-1,-1,-1,-1,-1,MA,-1,-1,essex ma,51.0,49.0,51.0,0,0
9,4,MR,-1,Franklin County,25011,-1,-1,0.0,-1.0,-4.0,-4.0,-4.0,-4.0,-4.0,-4.0,-4.0,-4.0,-4.0,-4.0,-4.0,-4.0,-4.0,-4.0,-4.0,-4.0,-4.0,-4.0,-4.0,-4.0,-4.0,-4.0,-4.0,-4.0,-4.0,-4.0,-4.0,-4.0,-4.0,-4.0,-4.0,-4.0,-4.0,-4.0,-4.0,-4.0,-4.0,-4.0,-4.0,-4.0,-4.0,-4.0,-4.0,-4.0,-4,-4,-4,-1,-1,-1,-1,-1,MA,-1,-1,franklin ma,-4.0,-4.0,-4.0,0,0
9,4,MR,-1,Hampden County,25013,-1,-1,628.0,-1.0,4.0,15.0,2.5,1552.0,248.0,680.0,11.6,4.7,17.0,41.0,19.0,14.0,9.0,25.0,30.0,37.0,17.0,99.0,90.0,11.0,53.0,81.0,60.0,28.0,78.0,16.0,17.0,60.0,14.0,9.0,0.0,92.0,10.0,0.0,0.0,81.0,4.0,64.0,93.0,141.0,22.0,54.0,24.0,12.0,56,30,24,-1,-1,-1,-1,-1,MA,-1,-1,hampden ma,8.0,92.0,8.0,0,0
9,4,MR,-1,Hampshire County,25015,-1,-1,44.0,-1.0,4.0,20.0,1.7,76.0,285.0,436.0,12.5,7.1,7.0,45.0,27.0,9.0,11.0,34.0,9.0,52.0,21.0,98.0,86.0,9.0,23.0,52.0,32.0,48.0,0.0,28.0,14.0,61.0,25.0,0.0,0.0,27.0,5.0,0.0,0.0,23.0,1.0,67.0,41.0,90.0,66.0,18.0,16.0,5.0,14,12,45,-1,-1,-1,-1,-1,MA,-1,-1,hampshire ma,73.0,27.0,73.0,0,0
9,4,MR,-1,Middlesex County,25017,-1,-1,49.0,-1.0,5.0,47.0,1.0,49.0,263.0,615.0,11.1,11.1,16.0,37.0,24.0,18.0,4.0,16.0,4.0,73.0,17.0,100.0,90.0,0.0,0.0,10.0,0.0,60.0,33.0,55.0,0.0,41.0,41.0,18.0,0.0,24.0,6.0,0.0,0.0,18.0,2.0,21.0,22.0,26.0,100.0,0.0,0.0,0.0,27,11,28,-1,-1,-1,-1,-1,MA,-1,-1,middlesex ma,76.0,24.0,76.0,0,0
9,4,MR,-1,Nantucket County,25019,-1,-1,0.0,-1.0,-4.0,-4.0,-4.0,-4.0,-4.0,-4.0,-4.0,-4.0,-4.0,-4.0,-4.0,-4.0,-4.0,-4.0,-4.0,-4.0,-4.0,-4.0,-4.0,-4.0,-4.0,-4.0,-4.0,-4.0,-4.0,-4.0,-4.0,-4.0,-4.0,-4.0,-4.0,-4.0,-4.0,-4.0,-4.0,-4.0,-4.0,-4.0,-4.0,-4.0,-4.0,-4.0,-4.0,-4.0,-4,-4,-4,-1,-1,-1,-1,-1,MA,-1,-1,nantucket ma,-4.0,-4.0,-4.0,0,0
9,4,MR,-1,Norfolk County,25021,-1,-1,0.0,-1.0,-4.0,-4.0,-4.0,-4.0,-4.0,-4.0,-4.0,-4.0,-4.0,-4.0,-4.0,-4.0,-4.0,-4.0,-4.0,-4.0,-4.0,-4.0,-4.0,-4.0,-4.0,-4.0,-4.0,-4.0,-4.0,-4.0,-4.0,-4.0,-4.0,-4.0,-4.0,-4.0,-4.0,-4.0,-4.0,-4.0,-4.0,-4.0,-4.0,-4.0,-4.0,-4.0,-4.0,-4.0,-4,-4,-4,-1,-1,-1,-1,-1,MA,-1,-1,norfolk ma,-4.0,-4.0,-4.0,0,0
9,4,MR,-1,Plymouth County,25023,-1,-1,0.0,-1.0,-4.0,-4.0,-4.0,-4.0,-4.0,-4.0,-4.0,-4.0,-4.0,-4.0,-4.0,-4.0,-4.0,-4.0,-4.0,-4.0,-4.0,-4.0,-4.0,-4.0,-4.0,-4.0,-4.0,-4.0,-4.0,-4.0,-4.0,-4.0,-4.0,-4.0,-4.0,-4.0,-4.0,-4.0,-4.0,-4.0,-4.0,-4.0,-4.0,-4.0,-4.0,-4.0,-4.0,-4.0,-4,-4,-4,-1,-1,-1,-1,-1,MA,-1,-1,plymouth ma,-4.0,-4.0,-4.0,0,0
9,4,MR,-1,Suffolk County,25025,-1,-1,620.0,-1.0,5.0,16.0,1.6,994.0,267.0,714.0,11.3,7.0,13.0,51.0,18.0,7.0,10.0,19.0,15.0,62.0,16.0,96.0,87.0,6.0,19.0,46.0,23.0,55.0,86.0,41.0,7.0,48.0,29.0,17.0,1.0,69.0,50.0,1.0,1.0,18.0,12.0,75.0,42.0,26.0,70.0,15.0,15.0,4.0,66,20,13,-1,-1,-1,-1,-1,MA,-1,-1,suffolk ma,31.0,69.0,31.0,0,0
9,4,MR,-1,Worcester County,25027,-1,-1,256.0,-1.0,5.0,12.0,1.4,348.0,265.0,613.0,12.1,8.8,10.0,41.0,29.0,14.0,7.0,8.0,9.0,77.0,20.0,99.0,84.0,2.0,13.0,57.0,13.0,63.0,56.0,47.0,3.0,32.0,28.0,38.0,6.0,24.0,4.0,0.0,0.0,19.0,3.0,91.0,77.0,40.0,79.0,18.0,4.0,5.0,26,17,30,-1,-1,-1,-1,-1,MA,-1,-1,worcester ma,76.0,24.0,76.0,0,0
9,4,MR,-1,Missing County,25999,-1,-1,0.0,-1.0,-4.0,-4.0,-4.0,-4.0,-4.0,-4.0,-4.0,-4.0,-4.0,-4.0,-4.0,-4.0,-4.0,-4.0,-4.0,-4.0,-4.0,-4.0,-4.0,-4.0,-4.0,-4.0,-4.0,-4.0,-4.0,-4.0,-4.0,-4.0,-4.0,-4.0,-4.0,-4.0,-4.0,-4.0,-4.0,-4.0,-4.0,-4.0,-4.0,-4.0,-4.0,-4.0,-4.0,-4.0,-4,-4,-4,-1,-1,-1,-1,-1,MA,-1,-1,nan ma,-4.0,-4.0,-4.0,0,0
