Quarter,gsl,states,entities,sumlevel,program_label,program,sub_program,name,code,total_units,pct_occupied,number_reported,pct_reported,months_since_report,pct_movein,people_per_unit,people_total,rent_per_month,spending_per_month,hh_income,person_income,pct_lt5k,pct_5k_lt10k,pct_10k_lt15k,pct_15k_lt20k,pct_ge20k,pct_wage_major,pct_welfare_major,pct_other_major,pct_median,pct_lt50_median,pct_lt30_median,pct_2adults,pct_1adult,pct_female_head,pct_female_head_child,pct_disabled_lt62,pct_disabled_ge62,pct_disabled_all,pct_lt24_head,pct_age25_50,pct_age51_61,pct_age62plus,pct_age85plus,pct_minority_raw,pct_black_nonhsp,pct_native_american_nonhsp,pct_asian_pacific_nonhsp,pct_white_nothsp_raw,Unnamed: 50,pct_black_hsp,pct_wht_hsp,pct_oth_hsp,pct_hispanic,pct_multi,months_waiting,months_from_movein,pct_utility_allow,ave_util_allow,pct_bed1,pct_bed2,pct_bed3,pct_overhoused,tpoverty,tminority,tpct_ownsfd,fedhse,cbsa,place,latitude,longitude,state,pha_total_units,ha_size,County_norm,pct_minority,pct_white_nothsp,HUD_race_pct_error,imputed_from_prev
2019-12-31 00:00:00,County,CO Colorado,CO Custer County 08027,9,Summary of All HUD Programs,1,,Custer County,08027,9,-4,-4,-4,-4,-4,-4.0,-4,-4,-4,-4,-4,-4,-4,-4,-4,-4,-4,-4,-4,-4,-4,-4,-4,-4,-4,-4,-4,-4,-4,-4,-4,-4,-4,-4,-4,-4,-4,-4,-4,-8.0,-4,-4,-4,-4,-4,-4,-4,-4,-4,-4,-4,-4,-4,-4,-4,-4,,,,,,CO,,,custer co,-4,-4,0,0
2019-12-31 00:00:00,County,CO Colorado,CO Dolores County 08033,9,Summary of All HUD Programs,1,,Dolores County,08033,2,-4,-4,-4,-4,-4,-4.0,-4,-4,-4,-4,-4,-4,-4,-4,-4,-4,-4,-4,-4,-4,-4,-4,-4,-4,-4,-4,-4,-4,-4,-4,-4,-4,-4,-4,-4,-4,-4,-4,-4,-8.0,-4,-4,-4,-4,-4,-4,-4,-4,-4,-4,-4,-4,-4,-4,-4,-4,,,,,,CO,,,dolores co,-4,-4,0,0
2019-12-31 00:00:00,County,CO Colorado,CO Jackson County 08057,9,Summary of All HUD Programs,1,,Jackson County,08057,2,-4,-4,-4,-4,-4,-4.0,-4,-4,-4,-4,-4,-4,-4,-4,-4,-4,-4,-4,-4,-4,-4,-4,-4,-4,-4,-4,-4,-4,-4,-4,-4,-4,-4,-4,-4,-4,-4,-4,-4,-8.0,-4,-4,-4,-4,-4,-4,-4,-4,-4,-4,-4,-4,-4,-4,-4,-4,,,,,,CO,,,jackson co,-4,-4,0,0
2019-12-31 00:00:00,County,CO Colorado,CO Ouray County 08091,9,Summary of All HUD Programs,1,,Ouray County,08091,8,-4,-4,-4,-4,-4,-4.0,-4,-4,-4,-4,-4,-4,-4,-4,-4,-4,-4,-4,-4,-4,-4,-4,-4,-4,-4,-4,-4,-4,-4,-4,-4,-4,-4,-4,-4,-4,-4,-4,-4,-8.0,-4,-4,-4,-4,-4,-4,-4,-4,-4,-4,-4,-4,-4,-4,-4,-4,,,,,,CO,,,ouray co,-4,-4,0,0
2019-12-31 00:00:00,County,CO Colorado,CO Pitkin County 08097,9,Summary of All HUD Programs,1,,Pitkin County,08097,12,-4,-4,-4,-4,-4,-4.0,-4,-4,-4,-4,-4,-4,-4,-4,-4,-4,-4,-4,-4,-4,-4,-4,-4,-4,-4,-4,-4,-4,-4,-4,-4,-4,-4,-4,-4,-4,-4,-4,-4,-8.0,-4,-4,-4,-4,-4,-4,-4,-4,-4,-4,-4,-4,-4,-4,-4,-4,,,,,,CO,,,pitkin co,-4,-4,0,0
2019-12-31 00:00:00,County,CO Colorado,CO San Juan County 08111,9,Summary of All HUD Programs,1,,San Juan County,08111,3,-4,-4,-4,-4,-4,-4.0,-4,-4,-4,-4,-4,-4,-4,-4,-4,-4,-4,-4,-4,-4,-4,-4,-4,-4,-4,-4,-4,-4,-4,-4,-4,-4,-4,-4,-4,-4,-4,-4,-4,-8.0,-4,-4,-4,-4,-4,-4,-4,-4,-4,-4,-4,-4,-4,-4,-4,-4,,,,,,CO,,,san juan co,-4,-4,0,0
2019-12-31 00:00:00,County,CO Colorado,CO Montrose County 08085,9,Summary of All HUD Programs,1,,Montrose County,08085,556,93,521,100,6,11,1.5,775,325,588,13252,8909,4,34,31,19,12,11,3,84,26,97,67,3,16,67,15,58,34,31,2,21,19,58,5,12,0,1,1,71,83.0,-1,8,2,10,0,15,77,51,116,60,24,16,19,21,25,59,,,,,,CO,,,montrose co,12,88,0,1
2019-12-31 00:00:00,County,CO Colorado,CO Fremont County 08043,9,Summary of All HUD Programs,1,,Fremont County,08043,377,88,342,100,7,13,1.7,576,300,755,12426,7378,3,40,31,14,12,9,4,80,24,98,76,5,18,70,20,62,32,33,2,30,22,46,4,10,1,3,1,76,86.0,-1,4,1,5,0,16,84,46,110,58,22,21,20,18,13,70,,,,,,CO,,,fremont co,13,87,0,1
2019-12-31 00:00:00,County,CO Colorado,CO Moffat County 08081,9,Summary of All HUD Programs,1,,Moffat County,08081,229,87,217,100,6,27,1.7,359,283,588,12372,7478,12,30,28,14,16,15,7,75,22,98,74,5,26,69,26,35,24,21,6,39,16,40,7,8,1,1,0,85,93.0,0,2,3,6,2,111,61,63,90,49,48,3,12,12,15,57,,,,,,CO,,,moffat co,12,88,0,1
2019-12-31 00:00:00,County,CO Colorado,CO Morgan County 08087,9,Summary of All HUD Programs,1,,Morgan County,08087,315,88,275,99,7,12,1.6,440,322,426,14559,9099,7,24,31,19,19,11,2,87,29,92,62,1,20,71,19,52,25,24,3,20,17,59,8,22,3,0,0,72,94.0,-1,17,2,19,0,4,78,33,96,66,19,15,10,11,41,68,,,,,,CO,,,morgan co,25,75,0,1
2019-12-31 00:00:00,County,CO Colorado,CO Adams County 08001,9,Public Housing,2,,Adams County,08001,42,98,41,100,7,10,1.1,46,277,504,11663,10395,-1,51,34,12,2,-1,5,95,18,100,98,-1,-1,76,-1,100,57,59,-1,2,12,85,15,68,2,-1,5,32,,-1,61,-1,61,0,36,80,100,39,100,-1,-1,-1,17,66,70,,,,,,CO,,,adams co,68,32,0,0
2019-12-31 00:00:00,County,CO Colorado,CO Adams County 08001,9,Housing Choice Vouchers,3,,Adams County,08001,2716,89,2568,100,5,10,2.4,6250,354,1013,14361,5901,10,31,21,13,25,29,4,58,18,98,84,5,41,79,43,40,75,23,3,51,24,22,1,70,23,2,1,30,,1,42,1,44,1,21,99,91,90,34,36,30,14,16,57,49,,,,,,CO,,,adams co,70,30,0,0
2019-12-31 00:00:00,County,CO Colorado,CO Adams County 08001,9,Mod Rehab,4,,Adams County,08001,198,-5,184,-5,-5,-5,-5.0,-5,-5,-5,-5,-5,-5,-5,-5,-5,-5,-5,-5,-5,-5,-5,-5,-5,-5,-5,-5,-5,-5,-5,-5,-5,-5,-5,-5,-5,-5,-5,-5,-5,,-5,-5,-5,-5,-5,-5,-5,-5,-5,-5,-5,-5,-5,-5,-5,-5,,,,,,CO,,,adams co,95,5,0,1
2019-12-31 00:00:00,County,CO Colorado,CO Adams County 08001,9,Project Based Section 8,5,,Adams County,08001,967,91,908,100,7,15,2.2,1992,298,991,12818,5843,13,32,25,12,19,20,5,69,17,99,86,6,36,76,37,29,17,12,4,42,14,41,2,64,15,1,6,27,,1,25,16,42,1,-1,72,59,52,45,27,28,9,19,63,46,,,,,,CO,,,adams co,64,27,9,0
2019-12-31 00:00:00,County,CO Colorado,CO Adams County 08001,9,S236/BMIR,7,,Adams County,08001,3,-4,-4,-4,-4,-4,-4.0,-4,-4,-4,-4,-4,-4,-4,-4,-4,-4,-4,-4,-4,-4,-4,-4,-4,-4,-4,-4,-4,-4,-4,-4,-4,-4,-4,-4,-4,-4,-4,-4,-4,,-4,-4,-4,-4,-4,-4,-4,-4,-4,-4,-4,-4,-4,-4,-4,-4,,,,,,CO,,,adams co,-4,-4,0,0
2019-12-31 00:00:00,County,CO Colorado,CO Adams County 08001,9,202/PRAC,8,,Adams County,08001,179,99,175,99,6,9,1.1,187,357,332,15974,14949,1,21,31,26,22,1,1,98,25,98,75,-1,-1,64,-1,-1,7,7,-1,-1,-1,100,9,41,2,1,6,55,,-1,21,12,33,1,-1,69,-1,-1,100,-1,-1,-1,12,59,48,,,,,,CO,,,adams co,44,56,0,1
2019-12-31 00:00:00,County,CO Colorado,CO Adams County 08001,9,811/PRAC,9,,Adams County,08001,25,90,22,98,5,14,1.1,24,300,378,12882,11809,5,45,18,23,9,-1,-1,100,20,100,91,-1,-1,36,-1,100,100,92,5,23,45,27,-1,41,32,-1,-1,32,,-1,5,5,9,0,-1,56,-1,-1,100,-1,-1,-1,17,64,63,,,,,,CO,,,adams co,41,32,27,0
2019-12-31 00:00:00,County,CO Colorado,CO Alamosa County 08003,9,Public Housing,2,,Alamosa County,08003,199,99,198,100,5,24,2.1,419,327,403,14246,6732,6,34,24,17,19,32,7,59,26,96,68,7,42,79,43,40,70,26,12,40,16,32,2,69,2,6,1,31,,-1,58,3,61,1,33,63,100,79,45,28,27,5,26,56,50,,,,,,CO,,,alamosa co,69,31,0,0
2019-12-31 00:00:00,County,CO Colorado,CO Alamosa County 08003,9,Housing Choice Vouchers,3,,Alamosa County,08003,72,82,62,100,7,18,2.0,127,313,812,12503,6104,12,37,23,13,15,24,8,65,23,98,73,13,24,61,24,56,76,35,2,45,26,27,-1,53,-1,2,-1,47,,2,50,-1,52,0,19,88,55,101,34,35,31,31,23,52,52,,,,,,CO,,,alamosa co,53,47,0,0
2019-12-31 00:00:00,County,CO Colorado,CO Arapahoe County 08005,9,Public Housing,2,,Arapahoe County,08005,185,93,170,99,6,11,1.9,320,391,572,16685,8864,5,23,33,14,26,24,-1,75,23,96,79,8,22,67,24,57,48,29,1,33,24,42,4,42,12,2,5,58,,-1,23,1,24,2,30,95,41,86,61,16,23,10,20,25,37,,,,,,CO,,,arapahoe co,42,58,0,0
2019-12-31 00:00:00,County,CO Colorado,CO Arapahoe County 08005,9,Housing Choice Vouchers,3,,Arapahoe County,08005,3320,87,3624,100,5,9,2.5,9101,390,1322,15173,6042,10,30,20,14,27,33,3,57,19,97,82,9,37,73,38,35,68,20,2,51,22,25,3,69,55,1,2,31,,1,10,0,11,1,24,106,91,96,33,32,35,15,14,50,39,,,,,,CO,,,arapahoe co,69,31,0,0
2019-12-31 00:00:00,County,CO Colorado,CO Arapahoe County 08005,9,Mod Rehab,4,,Arapahoe County,08005,55,151,54,66,3,4,1.6,85,295,372,12589,7997,-1,51,21,25,4,6,2,91,18,100,96,-1,7,65,7,75,26,28,-1,9,20,70,7,89,19,2,67,11,,-1,2,-1,2,0,-1,81,93,25,61,31,7,2,25,82,24,,,,,,CO,,,arapahoe co,89,11,0,0
2019-12-31 00:00:00,County,CO Colorado,CO Arapahoe County 08005,9,Project Based Section 8,5,,Arapahoe County,08005,1186,97,1151,100,7,11,1.7,1934,315,810,13640,8118,7,33,26,16,18,18,3,75,20,99,85,6,18,69,19,27,18,13,3,25,11,61,7,57,30,3,12,37,,0,8,4,12,1,-1,89,55,63,61,32,7,9,16,47,48,,,,,,CO,,,arapahoe co,57,37,6,0
2019-12-31 00:00:00,County,CO Colorado,CO Arapahoe County 08005,9,202/PRAC,8,,Arapahoe County,08005,57,97,56,100,7,7,1.1,59,324,274,14251,13526,-1,39,18,25,18,4,-1,96,22,100,80,-1,-1,84,-1,100,4,5,-1,-1,2,98,18,45,23,-1,9,50,,-1,-1,13,13,4,-1,80,-1,-1,100,-1,-1,-1,15,67,49,,,,,,CO,,,arapahoe co,41,59,0,1
2019-12-31 00:00:00,County,CO Colorado,CO Arapahoe County 08005,9,811/PRAC,9,,Arapahoe County,08005,62,91,52,93,7,8,1.0,52,305,501,12634,12634,-1,44,29,17,10,-1,-1,100,20,100,90,-1,-1,38,-1,98,100,98,2,54,29,15,-1,4,2,-1,2,73,,-1,-1,-1,0,0,-1,107,-1,-1,100,-1,-1,-1,6,21,79,,,,,,CO,,,arapahoe co,4,73,23,0
2019-12-31 00:00:00,County,CO Colorado,CO Archuleta County 08007,9,Housing Choice Vouchers,3,,Archuleta County,08007,17,82,15,100,8,7,1.2,18,272,812,9496,7914,20,53,20,7,-1,13,7,80,20,100,87,-1,13,80,13,63,100,67,-1,7,47,47,-1,47,-1,7,-1,53,,-1,40,-1,40,0,2,133,87,120,47,33,20,47,10,22,70,,,,,,CO,,,archuleta co,47,53,0,0
2019-12-31 00:00:00,County,CO Colorado,CO Archuleta County 08007,9,Project Based Section 8,5,,Archuleta County,08007,68,92,66,100,5,18,2.5,168,311,593,12680,4981,8,28,25,22,17,50,3,38,22,98,76,9,47,70,44,7,25,5,8,55,8,30,-1,47,2,3,-1,48,,-1,29,14,42,2,-1,61,24,77,32,18,50,8,14,23,82,,,,,,CO,,,archuleta co,46,54,0,1
2019-12-31 00:00:00,County,CO Colorado,CO Archuleta County 08007,9,202/PRAC,8,,Archuleta County,08007,31,97,29,97,6,7,1.0,30,291,283,13925,13461,-1,28,41,17,14,3,-1,97,29,97,62,-1,-1,83,-1,-1,3,3,-1,-1,-1,100,17,41,-1,-1,-1,59,,-1,41,-1,41,0,-1,90,-1,-1,100,-1,-1,-1,10,25,80,,,,,,CO,,,archuleta co,41,59,0,0
2019-12-31 00:00:00,County,CO Colorado,CO Baca County 08009,9,Housing Choice Vouchers,3,,Baca County,08009,1,-4,-4,-4,-4,-4,-4.0,-4,-4,-4,-4,-4,-4,-4,-4,-4,-4,-4,-4,-4,-4,-4,-4,-4,-4,-4,-4,-4,-4,-4,-4,-4,-4,-4,-4,-4,-4,-4,-4,-4,,-4,-4,-4,-4,-4,-4,-4,-4,-4,-4,-4,-4,-4,-4,-4,-4,,,,,,CO,,,baca co,-4,-4,0,0
2019-12-31 00:00:00,County,CO Colorado,CO Baca County 08009,9,Project Based Section 8,5,,Baca County,08009,50,95,48,100,6,17,1.1,51,261,422,11771,11079,6,36,40,9,9,-1,2,96,24,98,83,-1,-1,54,-1,100,34,55,-1,17,17,67,10,8,-1,6,-1,90,,-1,-1,2,2,4,-1,46,-1,-1,100,-1,-1,-1,21,12,81,,,,,,CO,,,baca co,10,90,0,0
2019-12-31 00:00:00,County,CO Colorado,CO Bent County 08011,9,Housing Choice Vouchers,3,,Bent County,08011,125,89,116,100,5,22,2.0,233,293,489,11989,5969,12,38,25,11,13,20,9,70,22,98,81,9,24,64,27,50,88,34,3,41,35,22,-1,42,4,-1,-1,58,,-1,38,-1,38,0,5,61,84,146,27,43,30,34,23,41,79,,,,,,CO,,,bent co,42,58,0,0
2019-12-31 00:00:00,County,CO Colorado,CO Bent County 08011,9,Project Based Section 8,5,,Bent County,08011,18,96,17,98,6,18,1.0,17,309,419,13963,13963,-1,35,29,18,18,-1,-1,100,29,94,65,-1,-1,88,-1,-1,35,35,-1,-1,-1,100,35,29,-1,-1,-1,65,,-1,29,-1,29,0,-1,94,-1,-1,100,-1,-1,-1,23,41,79,,,,,,CO,,,bent co,53,47,0,1
2019-12-31 00:00:00,County,CO Colorado,CO Boulder County 08013,9,Public Housing,2,,Boulder County,08013,47,96,45,100,14,16,2.1,94,508,826,20093,9619,-1,27,24,11,38,40,-1,60,22,98,80,13,20,60,22,39,58,22,4,40,29,27,-1,42,4,2,-1,58,,-1,36,-1,36,0,-1,88,-1,-1,53,29,18,2,22,15,47,,,,,,CO,,,boulder co,42,58,0,0
2019-12-31 00:00:00,County,CO Colorado,CO Boulder County 08013,9,Housing Choice Vouchers,3,,Boulder County,08013,2992,88,2708,100,6,13,2.0,5480,434,928,17112,8456,6,26,22,15,30,30,5,62,19,98,85,5,30,69,31,48,58,28,3,43,21,32,2,33,4,2,2,67,,0,25,0,25,1,36,108,67,107,39,36,25,21,15,25,52,,,,,,CO,,,boulder co,33,67,0,0
2019-12-31 00:00:00,County,CO Colorado,CO Boulder County 08013,9,Mod Rehab,4,,Boulder County,08013,8,-4,-4,-4,-4,-4,-4.0,-4,-4,-4,-4,-4,-4,-4,-4,-4,-4,-4,-4,-4,-4,-4,-4,-4,-4,-4,-4,-4,-4,-4,-4,-4,-4,-4,-4,-4,-4,-4,-4,-4,,-4,-4,-4,-4,-4,-4,-4,-4,-4,-4,-4,-4,-4,-4,-4,-4,,,,,,CO,,,boulder co,-4,-4,0,0
2019-12-31 00:00:00,County,CO Colorado,CO Boulder County 08013,9,Project Based Section 8,5,,Boulder County,08013,674,93,625,100,7,11,2.2,1392,455,911,17469,7843,5,24,22,17,32,37,2,57,19,99,84,12,29,72,33,13,24,9,4,36,13,47,4,56,2,1,4,40,,1,27,22,49,1,-1,102,60,63,41,27,31,9,17,32,41,,,,,,CO,,,boulder co,58,42,0,1
2019-12-31 00:00:00,County,CO Colorado,CO Boulder County 08013,9,202/PRAC,8,,Boulder County,08013,99,94,100,100,8,9,1.1,106,317,161,14751,13916,-1,14,42,34,10,-1,2,97,19,100,97,-1,-1,76,-1,-1,-1,0,-1,-1,-1,100,10,14,-1,1,-1,52,,-1,4,9,13,0,-1,66,-1,-1,100,-1,-1,-1,15,26,73,,,,,,CO,,,boulder co,24,76,0,1
2019-12-31 00:00:00,County,CO Colorado,CO Boulder County 08013,9,811/PRAC,9,,Boulder County,08013,32,93,29,97,7,7,1.0,30,293,255,12585,12166,-1,41,38,14,7,-1,-1,100,16,100,100,-1,-1,69,-1,100,100,97,3,31,38,28,-1,17,-1,3,3,79,,-1,7,3,10,3,-1,93,62,46,90,10,-1,10,8,17,69,,,,,,CO,,,boulder co,16,84,0,1
2019-12-31 00:00:00,County,CO Colorado,CO Broomfield County 08014,9,Housing Choice Vouchers,3,,Broomfield County,08014,95,52,87,100,6,9,1.7,146,380,912,15775,9400,5,25,27,18,25,22,2,72,22,95,77,3,23,77,22,58,56,35,-1,41,22,37,3,25,5,2,1,75,,-1,17,-1,17,0,17,99,86,88,45,29,26,24,6,22,53,,,,,,CO,,,broomfield co,25,75,0,0
2019-12-31 00:00:00,County,CO Colorado,CO Broomfield County 08014,9,Project Based Section 8,5,,Broomfield County,08014,50,98,53,100,7,6,1.1,56,323,1137,14828,14034,-1,19,40,25,17,2,-1,98,23,100,81,-1,-1,81,-1,80,4,11,-1,-1,9,91,25,26,-1,-1,-1,72,,-1,23,4,26,0,-1,95,100,24,100,-1,-1,-1,6,21,44,,,,,,CO,,,broomfield co,28,72,0,0
2019-12-31 00:00:00,County,CO Colorado,CO Broomfield County 08014,9,202/PRAC,8,,Broomfield County,08014,84,99,85,100,7,7,1.1,94,347,215,15572,14081,-1,21,32,24,24,-1,-1,100,24,100,76,-1,-1,80,-1,-1,11,10,-1,-1,-1,100,18,18,-1,1,11,78,,-1,5,1,6,1,-1,80,-1,-1,100,-1,-1,-1,6,21,44,,,,,,CO,,,broomfield co,22,78,0,1
2019-12-31 00:00:00,County,CO Colorado,CO Chaffee County 08015,9,Public Housing,2,,Chaffee County,08015,50,100,50,100,6,8,1.0,52,323,317,15402,14810,-1,28,32,18,22,4,-1,96,32,92,56,-1,-1,66,-1,100,12,27,2,-1,16,82,18,10,-1,-1,-1,90,,-1,10,-1,10,0,32,76,92,20,96,4,-1,-1,7,11,81,,,,,,CO,,,chaffee co,10,90,0,0
2019-12-31 00:00:00,County,CO Colorado,CO Chaffee County 08015,9,Housing Choice Vouchers,3,,Chaffee County,08015,37,82,32,100,7,-1,1.7,55,331,812,13615,7921,-1,45,26,13,16,9,3,84,26,91,75,6,16,81,22,71,93,49,-1,31,22,47,3,16,-1,3,-1,84,,-1,13,-1,13,0,21,171,97,115,9,69,22,59,9,12,80,,,,,,CO,,,chaffee co,16,84,0,0
2019-12-31 00:00:00,County,CO Colorado,CO Chaffee County 08015,9,Project Based Section 8,5,,Chaffee County,08015,40,90,41,100,6,27,1.0,43,286,825,12601,12015,2,46,24,20,7,-1,-1,100,26,100,71,-1,-1,68,-1,100,43,58,-1,7,24,68,5,7,-1,-1,2,90,,-1,2,2,5,0,-1,72,-1,-1,100,-1,-1,-1,9,7,86,,,,,,CO,,,chaffee co,10,90,0,0
2019-12-31 00:00:00,County,CO Colorado,CO Cheyenne County 08017,9,Public Housing,2,,Cheyenne County,08017,25,100,25,100,5,24,1.2,30,387,314,21461,17884,4,20,16,24,36,48,-1,52,44,76,36,-1,8,60,-1,23,25,23,-1,36,16,48,4,8,-1,-1,-1,92,,-1,8,-1,8,0,3,47,-1,-1,40,8,52,56,11,12,80,,,,,,CO,,,cheyenne co,8,92,0,0
2019-12-31 00:00:00,County,CO Colorado,CO Clear Creek County 08019,9,Housing Choice Vouchers,3,,Clear Creek County,08019,15,82,13,100,8,23,1.1,14,260,812,10485,9736,8,38,46,8,-1,-1,8,92,16,100,100,-1,-1,77,-1,100,100,93,-1,23,46,31,-1,0,-1,-1,-1,100,,-1,-1,-1,0,0,59,89,69,85,62,23,15,31,11,8,73,,,,,,CO,,,clear creek co,0,100,0,0
2019-12-31 00:00:00,County,CO Colorado,CO Clear Creek County 08019,9,202/PRAC,8,,Clear Creek County,08019,16,100,15,94,8,7,1.0,15,336,429,14911,14911,-1,20,40,20,20,-1,-1,100,23,100,80,-1,-1,60,-1,-1,-1,0,-1,-1,-1,100,13,0,-1,-1,-1,100,,-1,-1,-1,0,0,-1,87,-1,-1,100,-1,-1,-1,12,8,72,,,,,,CO,,,clear creek co,0,100,0,0
2019-12-31 00:00:00,County,CO Colorado,CO Conejos County 08021,9,Public Housing,2,,Conejos County,08021,29,100,27,93,7,7,1.8,48,305,415,14810,8331,7,33,26,11,22,33,-1,67,27,93,67,7,11,67,15,21,92,35,-1,37,15,48,4,63,-1,-1,-1,37,,-1,63,-1,63,0,10,74,81,51,44,26,30,33,23,59,72,,,,,,CO,,,conejos co,63,37,0,0
2019-12-31 00:00:00,County,CO Colorado,CO Conejos County 08021,9,Housing Choice Vouchers,3,,Conejos County,08021,14,82,12,100,8,8,2.7,32,300,812,11371,4264,9,64,-1,18,9,25,8,58,20,92,83,8,50,67,50,40,100,22,-1,67,17,17,-1,75,-1,-1,-1,25,,-1,75,-1,75,0,10,70,100,127,25,25,50,17,20,54,74,,,,,,CO,,,conejos co,75,25,0,0
2019-12-31 00:00:00,County,CO Colorado,CO Conejos County 08021,9,Project Based Section 8,5,,Conejos County,08021,70,93,64,98,5,20,1.9,124,280,354,11802,6091,10,39,31,8,13,17,3,77,22,100,80,9,19,66,20,38,80,35,5,25,25,45,5,44,-1,2,-1,56,,-1,42,-1,42,0,-1,72,72,47,66,9,25,3,19,53,75,,,,,,CO,,,conejos co,44,56,0,0
2019-12-31 00:00:00,County,CO Colorado,CO Costilla County 08023,9,Public Housing,2,,Costilla County,08023,57,100,57,100,5,23,2.5,143,279,533,12864,5128,18,42,12,9,19,40,5,54,22,95,75,21,42,67,49,22,55,13,12,53,16,19,2,84,2,-1,-1,16,,-1,81,2,82,0,2,56,91,79,21,28,51,16,30,73,70,,,,,,CO,,,costilla co,84,16,0,0
2019-12-31 00:00:00,County,CO Colorado,CO Crowley County 08025,9,Housing Choice Vouchers,3,,Crowley County,08025,9,-4,-4,-4,-4,-4,-4.0,-4,-4,-4,-4,-4,-4,-4,-4,-4,-4,-4,-4,-4,-4,-4,-4,-4,-4,-4,-4,-4,-4,-4,-4,-4,-4,-4,-4,-4,-4,-4,-4,-4,,-4,-4,-4,-4,-4,-4,-4,-4,-4,-4,-4,-4,-4,-4,-4,-4,,,,,,CO,,,crowley co,-4,-4,0,0
2019-12-31 00:00:00,County,CO Colorado,CO Crowley County 08025,9,Project Based Section 8,5,,Crowley County,08025,28,97,27,99,5,19,1.0,27,273,337,11980,11980,-1,41,44,15,-1,-1,-1,100,25,100,74,-1,-1,48,-1,100,100,100,-1,7,7,85,4,22,-1,-1,-1,78,,-1,22,-1,22,0,-1,57,-1,-1,100,-1,-1,-1,28,42,76,,,,,,CO,,,crowley co,22,78,0,0
2019-12-31 00:00:00,County,CO Colorado,CO Custer County 08027,9,Housing Choice Vouchers,3,,Custer County,08027,9,-4,-4,-4,-4,-4,-4.0,-4,-4,-4,-4,-4,-4,-4,-4,-4,-4,-4,-4,-4,-4,-4,-4,-4,-4,-4,-4,-4,-4,-4,-4,-4,-4,-4,-4,-4,-4,-4,-4,-4,,-4,-4,-4,-4,-4,-4,-4,-4,-4,-4,-4,-4,-4,-4,-4,-4,,,,,,CO,,,custer co,-4,-4,0,0
2019-12-31 00:00:00,County,CO Colorado,CO Delta County 08029,9,Public Housing,2,,Delta County,08029,75,100,75,100,5,15,2.5,190,369,432,16061,6340,7,38,8,16,30,36,3,59,28,92,60,9,37,73,39,36,41,16,5,47,19,29,3,27,-1,1,-1,73,,-1,25,-1,25,0,19,62,59,174,47,17,36,4,21,26,72,,,,,,CO,,,delta co,27,73,0,0
2019-12-31 00:00:00,County,CO Colorado,CO Delta County 08029,9,Housing Choice Vouchers,3,,Delta County,08029,240,94,233,100,5,18,1.9,436,343,519,14177,7576,6,30,29,17,19,17,3,79,26,96,68,4,25,70,24,51,46,29,1,27,26,45,5,15,-1,1,-1,85,,-1,13,0,14,0,15,70,85,140,27,44,29,40,18,19,74,,,,,,CO,,,delta co,15,85,0,0
2019-12-31 00:00:00,County,CO Colorado,CO Delta County 08029,9,202/PRAC,8,,Delta County,08029,40,99,39,99,6,13,1.0,40,342,580,15003,14628,-1,28,28,28,15,-1,-1,100,31,97,59,-1,-1,85,-1,-1,10,10,-1,-1,-1,100,18,3,-1,-1,-1,87,,-1,3,-1,3,0,-1,60,-1,-1,100,-1,-1,-1,16,27,65,,,,,,CO,,,delta co,3,87,10,0
2019-12-31 00:00:00,County,CO Colorado,CO Denver County 08031,9,Public Housing,2,,Denver County,08031,3797,98,3711,100,5,10,2.5,9111,363,581,15526,6324,11,32,19,12,26,30,6,58,20,95,81,8,40,74,42,29,74,22,2,47,18,33,2,85,35,1,5,15,,1,42,1,44,0,12,108,3,98,37,30,34,10,28,68,45,,,,,,CO,,,denver co,85,15,0,0
2019-12-31 00:00:00,County,CO Colorado,CO Denver County 08031,9,Housing Choice Vouchers,3,,Denver County,08031,8248,93,7098,92,5,14,2.3,16474,360,983,13839,5963,11,32,20,12,24,28,6,55,18,97,83,6,37,70,38,39,77,25,3,49,24,24,1,74,44,2,1,26,,1,25,1,27,0,20,105,75,111,39,29,32,14,17,58,44,,,,,,CO,,,denver co,74,26,0,0
2019-12-31 00:00:00,County,CO Colorado,CO Denver County 08031,9,Mod Rehab,4,,Denver County,08031,360,114,276,67,4,14,1.2,319,232,372,9628,8330,12,46,24,12,6,8,9,71,14,99,95,1,4,37,5,65,67,58,1,23,39,36,2,62,22,2,5,38,,1,27,4,32,1,21,63,62,63,91,9,0,2,51,85,37,,,,,,CO,,,denver co,62,38,0,0
2019-12-31 00:00:00,County,CO Colorado,CO Denver County 08031,9,Project Based Section 8,5,,Denver County,08031,6004,95,5715,100,6,12,1.4,8124,293,912,12481,8780,8,41,25,14,12,10,5,83,18,99,89,1,14,60,14,55,35,32,2,21,20,57,6,57,24,2,5,35,,1,16,10,27,1,-1,83,39,49,79,14,7,4,19,44,30,,,,,,CO,,,denver co,57,35,8,0
2019-12-31 00:00:00,County,CO Colorado,CO Denver County 08031,9,S236/BMIR,7,,Denver County,08031,223,-5,51,-5,-5,-5,-5.0,-5,-5,-5,-5,-5,-5,-5,-5,-5,-5,-5,-5,-5,-5,-5,-5,-5,-5,-5,-5,-5,-5,-5,-5,-5,-5,-5,-5,-5,-5,-5,-5,-5,,-5,-5,-5,-5,-5,-5,-5,-5,-5,-5,-5,-5,-5,-5,-5,-5,,,,,,CO,,,denver co,-5,-5,0,0
2019-12-31 00:00:00,County,CO Colorado,CO Denver County 08031,9,202/PRAC,8,,Denver County,08031,142,99,142,100,6,11,1.1,152,305,304,13138,12274,1,39,35,17,8,1,1,99,20,100,89,-1,-1,67,-1,-1,-1,0,-1,-1,-1,100,4,73,35,1,4,22,,1,20,13,33,1,-1,75,-1,-1,100,-1,-1,-1,17,86,78,,,,,,CO,,,denver co,81,19,0,1
2019-12-31 00:00:00,County,CO Colorado,CO Denver County 08031,9,811/PRAC,9,,Denver County,08031,101,91,89,97,7,11,1.1,96,250,549,10398,9640,15,52,15,13,6,4,11,82,16,100,94,-1,2,60,2,97,79,88,-1,40,45,15,-1,43,22,2,1,40,,-1,8,9,17,2,-1,82,18,30,89,8,3,10,18,47,46,,,,,,CO,,,denver co,43,40,17,0
2019-12-31 00:00:00,County,CO Colorado,CO Dolores County 08033,9,Housing Choice Vouchers,3,,Dolores County,08033,2,-4,-4,-4,-4,-4,-4.0,-4,-4,-4,-4,-4,-4,-4,-4,-4,-4,-4,-4,-4,-4,-4,-4,-4,-4,-4,-4,-4,-4,-4,-4,-4,-4,-4,-4,-4,-4,-4,-4,-4,,-4,-4,-4,-4,-4,-4,-4,-4,-4,-4,-4,-4,-4,-4,-4,-4,,,,,,CO,,,dolores co,-4,-4,0,0
2019-12-31 00:00:00,County,CO Colorado,CO Douglas County 08035,9,Housing Choice Vouchers,3,,Douglas County,08035,194,83,165,100,6,5,1.9,320,387,824,15092,7782,9,28,25,14,24,28,2,66,21,96,78,2,32,82,32,53,76,36,1,45,25,28,2,39,17,1,1,61,,1,19,-1,20,1,41,120,97,81,33,42,25,24,5,18,54,,,,,,CO,,,douglas co,39,61,0,0
2019-12-31 00:00:00,County,CO Colorado,CO Douglas County 08035,9,Project Based Section 8,5,,Douglas County,08035,53,97,49,96,6,8,1.5,75,361,929,16615,10855,6,22,20,24,27,14,8,78,24,96,71,4,18,71,22,13,15,9,-1,16,16,67,12,10,-1,-1,4,84,,-1,4,2,6,0,-1,85,37,86,63,37,-1,12,16,18,62,,,,,,CO,,,douglas co,10,84,6,0
2019-12-31 00:00:00,County,CO Colorado,CO Eagle County 08037,9,Housing Choice Vouchers,3,,Eagle County,08037,17,82,15,100,6,27,2.2,33,371,812,14940,6791,14,36,14,7,29,40,7,47,19,100,80,-1,60,87,53,31,100,21,-1,60,27,13,-1,60,-1,-1,-1,40,,-1,53,7,60,0,1,59,33,101,20,60,20,20,8,33,52,,,,,,CO,,,eagle co,60,40,0,0
2019-12-31 00:00:00,County,CO Colorado,CO Eagle County 08037,9,Project Based Section 8,5,,Eagle County,08037,57,91,53,100,6,11,3.0,159,600,858,21198,7066,7,12,9,7,65,60,8,13,26,91,51,13,66,85,70,2,25,1,2,79,11,8,-1,91,-1,-1,2,9,,-1,83,6,89,2,-1,92,100,92,-1,49,51,17,11,52,17,,,,,,CO,,,eagle co,91,9,0,0
2019-12-31 00:00:00,County,CO Colorado,CO Elbert County 08039,9,Housing Choice Vouchers,3,,Elbert County,08039,16,82,14,100,7,21,2.1,29,380,812,17314,8358,8,8,15,31,38,7,-1,86,24,100,71,21,7,86,29,40,67,31,-1,21,14,64,21,14,-1,7,-1,86,,-1,7,-1,7,0,13,66,86,135,21,36,43,50,6,8,88,,,,,,CO,,,elbert co,14,86,0,0
2019-12-31 00:00:00,County,CO Colorado,CO El Paso County 08041,9,Public Housing,2,,El Paso County,08041,744,99,737,100,5,13,2.2,1644,344,404,14886,6673,10,32,23,13,22,26,7,65,22,96,80,1,44,76,41,44,67,26,1,50,21,28,2,58,28,1,2,42,,1,25,2,28,4,24,78,57,115,44,22,34,10,21,35,50,,,,,,CO,,,el paso co,58,42,0,0
2019-12-31 00:00:00,County,CO Colorado,CO El Paso County 08041,9,Housing Choice Vouchers,3,,El Paso County,08041,3156,87,2746,100,6,9,2.2,5934,368,752,14018,6487,8,32,25,14,20,24,3,67,21,97,81,6,32,74,34,45,84,30,1,45,28,25,1,52,30,1,1,48,,1,18,1,20,3,12,116,87,129,35,40,26,22,19,38,55,,,,,,CO,,,el paso co,52,48,0,0
2019-12-31 00:00:00,County,CO Colorado,CO El Paso County 08041,9,Mod Rehab,4,,El Paso County,08041,37,97,37,100,8,30,1.2,44,232,495,9620,8090,14,50,25,8,3,8,5,84,17,100,97,-1,11,38,8,70,100,64,3,30,57,11,-1,30,14,-1,3,70,,-1,11,3,14,3,39,51,16,82,84,16,-1,3,25,34,34,,,,,,CO,,,el paso co,30,70,0,0
2019-12-31 00:00:00,County,CO Colorado,CO El Paso County 08041,9,Project Based Section 8,5,,El Paso County,08041,895,97,877,100,7,16,1.7,1501,272,630,11756,6869,12,38,25,14,11,15,8,75,19,99,86,2,28,74,27,32,33,19,6,31,16,47,5,52,25,1,5,43,,2,11,10,22,3,-1,75,33,60,64,19,16,4,23,43,54,,,,,,CO,,,el paso co,52,43,5,0
2019-12-31 00:00:00,County,CO Colorado,CO El Paso County 08041,9,202/PRAC,8,,El Paso County,08041,180,99,149,84,6,9,1.1,157,313,406,13786,13083,-1,30,38,21,11,-1,1,99,24,100,79,-1,-1,74,-1,-1,8,8,-1,-1,1,99,11,34,5,1,11,60,,-1,4,13,17,1,-1,66,-1,-1,100,-1,-1,-1,28,44,29,,,,,,CO,,,el paso co,38,62,0,1
2019-12-31 00:00:00,County,CO Colorado,CO Fremont County 08043,9,Housing Choice Vouchers,3,,Fremont County,08043,231,82,199,100,7,15,2.2,428,309,812,11890,5528,5,43,28,9,15,14,7,68,21,98,81,9,32,73,34,54,73,34,3,46,26,25,1,12,2,3,1,88,,-1,7,-1,7,0,16,99,79,110,27,37,36,35,17,13,71,,,,,,CO,,,fremont co,12,88,0,0
2019-12-31 00:00:00,County,CO Colorado,CO Fremont County 08043,9,Project Based Section 8,5,,Fremont County,08043,146,98,143,100,7,10,1.0,148,286,679,13172,12727,-1,38,34,20,9,2,1,97,28,97,68,-1,-1,66,-1,97,13,32,-1,8,15,76,7,7,1,3,1,58,,-1,1,1,3,1,-1,63,-1,-1,100,-1,-1,-1,20,12,68,,,,,,CO,,,fremont co,7,58,35,0
2019-12-31 00:00:00,County,CO Colorado,CO Garfield County 08045,9,Housing Choice Vouchers,3,,Garfield County,08045,459,99,460,100,5,20,1.9,863,366,699,14668,7818,9,28,23,18,22,23,4,70,24,96,72,5,27,75,30,48,47,28,2,38,25,35,2,24,2,2,1,76,,-1,18,0,19,1,30,69,74,123,39,35,26,28,8,30,61,,,,,,CO,,,garfield co,24,76,0,0
2019-12-31 00:00:00,County,CO Colorado,CO Garfield County 08045,9,Project Based Section 8,5,,Garfield County,08045,136,98,138,100,7,10,1.0,141,305,727,14161,13860,2,26,32,24,15,1,4,93,26,97,67,-1,-1,61,-1,100,27,43,-1,11,13,76,7,8,1,1,1,88,,1,3,2,6,0,-1,83,-1,-1,100,-1,-1,-1,8,30,60,,,,,,CO,,,garfield co,12,88,0,1
2019-12-31 00:00:00,County,CO Colorado,CO Garfield County 08045,9,202/PRAC,8,,Garfield County,08045,84,98,83,100,5,8,1.0,83,298,447,15457,15457,1,17,39,19,24,-1,-1,100,28,96,63,-1,-1,71,-1,-1,1,1,-1,-1,-1,100,17,4,-1,2,-1,87,,-1,-1,1,1,1,-1,96,28,38,100,-1,-1,-1,12,30,67,,,,,,CO,,,garfield co,6,94,0,1
2019-12-31 00:00:00,County,CO Colorado,CO Gilpin County 08047,9,Housing Choice Vouchers,3,,Gilpin County,08047,24,79,21,100,6,5,1.3,27,330,812,12619,9815,-1,48,24,24,5,10,-1,90,19,100,95,-1,-1,52,-1,83,89,70,-1,24,33,43,-1,10,-1,5,-1,90,,-1,5,-1,5,0,15,78,100,89,24,71,5,57,4,9,87,,,,,,CO,,,gilpin co,10,90,0,0
2019-12-31 00:00:00,County,CO Colorado,CO Grand County 08049,9,Housing Choice Vouchers,3,,Grand County,08049,21,82,18,100,6,-1,1.6,28,320,812,12125,7794,-1,24,59,12,6,17,6,72,21,100,89,-1,17,89,17,69,60,50,-1,11,61,28,-1,22,6,-1,-1,78,,-1,17,-1,17,0,-1,127,61,112,17,72,11,44,13,11,67,,,,,,CO,,,grand co,22,78,0,0
2019-12-31 00:00:00,County,CO Colorado,CO Grand County 08049,9,Project Based Section 8,5,,Grand County,08049,20,100,20,100,6,10,1.0,20,330,754,15735,15735,-1,5,35,50,10,-1,-1,100,29,100,60,-1,-1,65,-1,100,11,20,-1,5,5,90,15,5,-1,-1,-1,95,,-1,5,-1,5,0,-1,86,-1,-1,100,-1,-1,-1,18,13,78,,,,,,CO,,,grand co,5,95,0,0
2019-12-31 00:00:00,County,CO Colorado,CO Grand County 08049,9,811/PRAC,9,,Grand County,08049,1,-4,-4,-4,-4,-4,-4.0,-4,-4,-4,-4,-4,-4,-4,-4,-4,-4,-4,-4,-4,-4,-4,-4,-4,-4,-4,-4,-4,-4,-4,-4,-4,-4,-4,-4,-4,-4,-4,-4,-4,,-4,-4,-4,-4,-4,-4,-4,-4,-4,-4,-4,-4,-4,-4,-4,-4,,,,,,CO,,,grand co,-4,-4,0,0
2019-12-31 00:00:00,County,CO Colorado,CO Gunnison County 08051,9,Housing Choice Vouchers,3,,Gunnison County,08051,24,82,21,100,9,-1,1.6,34,415,812,14666,9058,-1,29,33,14,24,29,-1,71,27,90,67,5,24,67,29,64,71,47,-1,48,19,33,-1,14,-1,-1,-1,86,,-1,14,-1,14,0,-1,121,90,108,48,38,14,29,17,13,50,,,,,,CO,,,gunnison co,14,86,0,0
2019-12-31 00:00:00,County,CO Colorado,CO Gunnison County 08051,9,Mod Rehab,4,,Gunnison County,08051,3,-4,-4,-4,-4,-4,-4.0,-4,-4,-4,-4,-4,-4,-4,-4,-4,-4,-4,-4,-4,-4,-4,-4,-4,-4,-4,-4,-4,-4,-4,-4,-4,-4,-4,-4,-4,-4,-4,-4,-4,,-4,-4,-4,-4,-4,-4,-4,-4,-4,-4,-4,-4,-4,-4,-4,-4,,,,,,CO,,,gunnison co,-4,-4,0,0
2019-12-31 00:00:00,County,CO Colorado,CO Gunnison County 08051,9,Project Based Section 8,5,,Gunnison County,08051,28,96,27,100,6,15,1.1,29,312,437,14479,13481,-1,19,41,30,11,-1,-1,100,29,93,59,-1,-1,59,-1,75,4,14,-1,-1,15,85,7,4,-1,-1,-1,96,,-1,-1,4,4,0,-1,81,-1,-1,89,11,-1,7,22,17,47,,,,,,CO,,,gunnison co,4,96,0,0
2019-12-31 00:00:00,County,CO Colorado,CO Huerfano County 08055,9,Public Housing,2,,Huerfano County,08055,129,100,129,100,5,22,1.9,250,328,413,16046,8280,9,39,17,9,26,26,9,65,29,88,65,9,19,66,22,35,35,20,5,33,21,40,3,57,2,-1,1,43,,-1,52,2,54,1,4,62,95,78,60,12,27,9,21,57,76,,,,,,CO,,,huerfano co,57,43,0,0
2019-12-31 00:00:00,County,CO Colorado,CO Huerfano County 08055,9,Housing Choice Vouchers,3,,Huerfano County,08055,16,82,14,100,10,-1,1.6,23,287,812,12075,7350,8,62,8,15,8,14,7,71,22,93,93,-1,21,64,21,64,100,52,-1,36,43,21,-1,71,-1,-1,-1,29,,-1,71,-1,71,0,-1,128,100,115,29,36,36,43,21,55,76,,,,,,CO,,,huerfano co,71,29,0,0
2019-12-31 00:00:00,County,CO Colorado,CO Jackson County 08057,9,Housing Choice Vouchers,3,,Jackson County,08057,2,-4,-4,-4,-4,-4,-4.0,-4,-4,-4,-4,-4,-4,-4,-4,-4,-4,-4,-4,-4,-4,-4,-4,-4,-4,-4,-4,-4,-4,-4,-4,-4,-4,-4,-4,-4,-4,-4,-4,-4,,-4,-4,-4,-4,-4,-4,-4,-4,-4,-4,-4,-4,-4,-4,-4,-4,,,,,,CO,,,jackson co,-4,-4,0,0
2019-12-31 00:00:00,County,CO Colorado,CO Jefferson County 08059,9,Housing Choice Vouchers,3,,Jefferson County,08059,4113,50,3567,100,5,10,2.0,7086,390,931,15751,7929,7,28,22,16,26,24,4,69,21,97,79,4,31,75,32,50,53,30,2,40,23,34,3,46,8,2,2,54,,0,33,1,34,1,10,107,85,79,38,39,23,20,12,31,46,,,,,,CO,,,jefferson co,46,54,0,0
2019-12-31 00:00:00,County,CO Colorado,CO Jefferson County 08059,9,Project Based Section 8,5,,Jefferson County,08059,1051,95,1016,100,6,12,1.4,1388,337,742,14847,10868,5,22,30,22,21,9,1,87,22,99,79,1,13,72,12,36,12,14,2,14,10,73,10,26,2,1,2,66,,0,12,10,21,1,-1,78,11,50,81,14,5,3,11,29,52,,,,,,CO,,,jefferson co,29,71,0,1
2019-12-31 00:00:00,County,CO Colorado,CO Jefferson County 08059,9,202/PRAC,8,,Jefferson County,08059,1,-4,-4,-4,-4,-4,-4.0,-4,-4,-4,-4,-4,-4,-4,-4,-4,-4,-4,-4,-4,-4,-4,-4,-4,-4,-4,-4,-4,-4,-4,-4,-4,-4,-4,-4,-4,-4,-4,-4,-4,,-4,-4,-4,-4,-4,-4,-4,-4,-4,-4,-4,-4,-4,-4,-4,-4,,,,,,CO,,,jefferson co,-4,-4,0,0
2019-12-31 00:00:00,County,CO Colorado,CO Jefferson County 08059,9,811/PRAC,9,,Jefferson County,08059,26,92,22,92,8,9,1.0,22,295,132,12411,12411,14,23,23,32,9,-1,5,95,19,100,91,-1,-1,59,-1,88,100,91,-1,23,50,27,-1,0,-1,-1,-1,77,,-1,-1,-1,0,0,-1,115,-1,-1,100,-1,-1,-1,17,55,25,,,,,,CO,,,jefferson co,0,77,23,0
2019-12-31 00:00:00,County,CO Colorado,CO Kiowa County 08061,9,Housing Choice Vouchers,3,,Kiowa County,08061,1,-4,-4,-4,-4,-4,-4.0,-4,-4,-4,-4,-4,-4,-4,-4,-4,-4,-4,-4,-4,-4,-4,-4,-4,-4,-4,-4,-4,-4,-4,-4,-4,-4,-4,-4,-4,-4,-4,-4,-4,,-4,-4,-4,-4,-4,-4,-4,-4,-4,-4,-4,-4,-4,-4,-4,-4,,,,,,CO,,,kiowa co,-4,-4,0,0
2019-12-31 00:00:00,County,CO Colorado,CO Kiowa County 08061,9,Project Based Section 8,5,,Kiowa County,08061,10,-4,-4,-4,-4,-4,-4.0,-4,-4,-4,-4,-4,-4,-4,-4,-4,-4,-4,-4,-4,-4,-4,-4,-4,-4,-4,-4,-4,-4,-4,-4,-4,-4,-4,-4,-4,-4,-4,-4,-4,,-4,-4,-4,-4,-4,-4,-4,-4,-4,-4,-4,-4,-4,-4,-4,-4,,,,,,CO,,,kiowa co,-4,-4,0,0
2019-12-31 00:00:00,County,CO Colorado,CO Kit Carson County 08063,9,Public Housing,2,,Kit Carson County,08063,31,94,29,100,7,34,2.2,63,308,490,14393,6625,-1,27,27,23,23,34,3,52,26,100,59,14,31,76,38,45,33,19,3,55,10,31,7,28,-1,-1,-1,72,,-1,28,-1,28,0,4,25,45,178,55,-1,45,17,11,31,70,,,,,,CO,,,kit carson co,28,72,0,0
2019-12-31 00:00:00,County,CO Colorado,CO Kit Carson County 08063,9,Housing Choice Vouchers,3,,Kit Carson County,08063,8,-4,-4,-4,-4,-4,-4.0,-4,-4,-4,-4,-4,-4,-4,-4,-4,-4,-4,-4,-4,-4,-4,-4,-4,-4,-4,-4,-4,-4,-4,-4,-4,-4,-4,-4,-4,-4,-4,-4,-4,,-4,-4,-4,-4,-4,-4,-4,-4,-4,-4,-4,-4,-4,-4,-4,-4,,,,,,CO,,,kit carson co,-4,-4,0,0
2019-12-31 00:00:00,County,CO Colorado,CO Kit Carson County 08063,9,Project Based Section 8,5,,Kit Carson County,08063,66,96,61,96,5,25,2.0,124,283,461,13147,6468,7,39,20,16,18,33,11,56,24,98,72,16,23,57,30,38,69,25,11,49,18,21,2,36,-1,-1,5,61,,-1,13,18,31,0,-1,56,-1,-1,51,30,20,3,10,26,72,,,,,,CO,,,kit carson co,39,61,0,0
2019-12-31 00:00:00,County,CO Colorado,CO Lake County 08065,9,Housing Choice Vouchers,3,,Lake County,08065,16,82,14,100,6,-1,1.6,23,476,812,13712,8346,-1,50,21,14,14,14,-1,86,26,93,79,-1,29,64,29,63,83,43,-1,29,29,43,-1,43,-1,-1,-1,57,,-1,36,7,43,0,-1,109,93,88,57,29,14,14,15,37,75,,,,,,CO,,,lake co,43,57,0,0
2019-12-31 00:00:00,County,CO Colorado,CO Lake County 08065,9,Project Based Section 8,5,,Lake County,08065,25,89,21,94,7,10,1.2,25,338,553,14922,12534,-1,24,43,19,14,5,-1,95,30,95,62,-1,-1,33,-1,60,38,36,-1,19,5,76,5,19,-1,-1,-1,76,,-1,19,-1,19,0,-1,54,5,81,90,10,-1,-1,13,33,77,,,,,,CO,,,lake co,19,76,5,0
2019-12-31 00:00:00,County,CO Colorado,CO La Plata County 08067,9,Housing Choice Vouchers,3,,Plata County,08067,323,83,277,100,6,22,1.9,518,311,759,12708,6796,10,32,27,17,15,24,8,61,20,97,85,4,29,71,30,61,91,39,4,47,25,25,1,26,1,7,1,74,,-1,14,2,17,0,16,84,81,87,40,35,25,26,10,20,59,,,,,,CO,,,plata co,26,74,0,0
2019-12-31 00:00:00,County,CO Colorado,CO La Plata County 08067,9,Project Based Section 8,5,,Plata County,08067,166,89,157,100,5,23,1.9,304,331,840,14218,7343,7,32,26,14,20,25,4,68,22,97,79,6,32,64,33,27,34,16,4,43,11,41,3,31,1,12,3,66,,-1,9,6,15,3,-1,59,100,50,53,14,33,11,11,25,49,,,,,,CO,,,plata co,34,66,0,0
2019-12-31 00:00:00,County,CO Colorado,CO La Plata County 08067,9,202/PRAC,8,,Plata County,08067,53,96,47,92,6,9,1.0,47,341,448,14853,14853,2,23,32,21,21,2,-1,98,26,100,72,-1,-1,79,-1,-1,4,4,-1,-1,-1,100,6,9,-1,2,2,66,,-1,2,2,4,2,-1,62,-1,-1,100,-1,-1,-1,12,22,48,,,,,,CO,,,plata co,9,66,25,0
2019-12-31 00:00:00,County,CO Colorado,CO Larimer County 08069,9,Public Housing,2,,Larimer County,08069,112,97,109,100,6,6,2.5,271,371,565,15545,6252,7,30,18,12,32,37,2,52,21,94,78,7,40,83,44,40,75,25,3,45,23,29,1,42,5,2,-1,58,,1,32,3,36,3,67,136,85,149,26,20,54,24,20,16,66,,,,,,CO,,,larimer co,42,58,0,0
2019-12-31 00:00:00,County,CO Colorado,CO Larimer County 08069,9,Housing Choice Vouchers,3,,Larimer County,08069,2246,84,1990,100,5,9,1.9,3835,364,889,14473,7510,7,30,26,15,22,22,5,68,21,97,81,3,29,67,29,55,66,34,2,43,25,30,1,25,4,2,1,75,,0,18,1,19,1,28,100,79,106,29,44,27,33,14,18,60,,,,,,CO,,,larimer co,25,75,0,0
2019-12-31 00:00:00,County,CO Colorado,CO Larimer County 08069,9,Mod Rehab,4,,Larimer County,08069,8,-4,-4,-4,-4,-4,-4.0,-4,-4,-4,-4,-4,-4,-4,-4,-4,-4,-4,-4,-4,-4,-4,-4,-4,-4,-4,-4,-4,-4,-4,-4,-4,-4,-4,-4,-4,-4,-4,-4,-4,,-4,-4,-4,-4,-4,-4,-4,-4,-4,-4,-4,-4,-4,-4,-4,-4,,,,,,CO,,,larimer co,-4,-4,0,0
2019-12-31 00:00:00,County,CO Colorado,CO Larimer County 08069,9,Project Based Section 8,5,,Larimer County,08069,509,96,502,100,6,14,1.6,779,316,744,13828,8911,6,25,31,20,17,14,3,78,21,99,81,2,21,78,22,38,18,18,2,23,14,61,9,17,2,1,1,60,,0,8,4,13,1,-1,74,25,72,69,24,8,4,13,20,54,,,,,,CO,,,larimer co,17,60,23,0
2019-12-31 00:00:00,County,CO Colorado,CO Larimer County 08069,9,202/PRAC,8,,Larimer County,08069,138,99,137,100,6,9,1.0,140,352,284,15992,15649,-1,11,37,34,18,-1,1,99,26,98,69,-1,1,86,1,-1,-1,0,-1,-1,-1,100,13,12,1,-1,3,85,,1,6,1,8,1,-1,80,57,47,100,-1,-1,-1,5,12,75,,,,,,CO,,,larimer co,15,85,0,0
2019-12-31 00:00:00,County,CO Colorado,CO Larimer County 08069,9,811/PRAC,9,,Larimer County,08069,31,94,31,100,6,16,1.1,35,269,438,11226,9943,3,52,32,10,3,13,-1,87,18,100,97,-1,3,55,3,100,100,89,-1,48,26,26,-1,10,-1,-1,6,61,,-1,-1,3,3,0,-1,55,71,33,87,13,-1,10,7,13,70,,,,,,CO,,,larimer co,13,87,0,1
2019-12-31 00:00:00,County,CO Colorado,CO Las Animas County 08071,9,Public Housing,2,,Las Animas County,08071,214,93,199,99,5,21,2.1,410,332,506,14591,7082,11,34,21,12,23,33,8,58,26,91,68,12,30,64,35,40,74,26,5,48,19,29,-1,60,1,-1,-1,40,,-1,59,-1,59,0,5,84,95,125,40,30,30,17,21,53,73,,,,,,CO,,,las animas co,60,40,0,0
2019-12-31 00:00:00,County,CO Colorado,CO Las Animas County 08071,9,Housing Choice Vouchers,3,,Las Animas County,08071,88,67,59,100,5,20,2.1,123,390,528,14922,7158,7,23,33,16,21,25,2,68,26,95,76,10,27,76,32,47,76,30,3,34,27,36,-1,59,-1,-1,-1,41,,-1,59,-1,59,0,9,74,90,170,37,41,22,15,20,51,75,,,,,,CO,,,las animas co,59,41,0,0
2019-12-31 00:00:00,County,CO Colorado,CO Las Animas County 08071,9,Project Based Section 8,5,,Las Animas County,08071,124,84,109,100,7,18,1.6,173,260,448,10962,6907,10,32,31,18,9,10,8,72,22,98,76,6,18,63,17,39,35,24,6,28,22,44,4,50,3,3,-1,45,,2,20,23,45,2,-1,69,41,86,67,20,13,5,23,51,71,,,,,,CO,,,las animas co,59,41,0,1
2019-12-31 00:00:00,County,CO Colorado,CO Las Animas County 08071,9,811/PRAC,9,,Las Animas County,08071,8,-4,-4,-4,-4,-4,-4.0,-4,-4,-4,-4,-4,-4,-4,-4,-4,-4,-4,-4,-4,-4,-4,-4,-4,-4,-4,-4,-4,-4,-4,-4,-4,-4,-4,-4,-4,-4,-4,-4,-4,,-4,-4,-4,-4,-4,-4,-4,-4,-4,-4,-4,-4,-4,-4,-4,-4,,,,,,CO,,,las animas co,-4,-4,0,0
2019-12-31 00:00:00,County,CO Colorado,CO Lincoln County 08073,9,Public Housing,2,,Lincoln County,08073,40,95,38,100,6,18,1.5,58,357,287,19937,13062,-1,19,27,22,32,32,-1,66,37,79,47,5,16,58,18,45,31,26,5,24,29,42,3,3,-1,-1,-1,97,,-1,3,-1,3,0,4,77,-1,-1,79,21,-1,3,13,27,67,,,,,,CO,,,lincoln co,3,97,0,0
2019-12-31 00:00:00,County,CO Colorado,CO Lincoln County 08073,9,Housing Choice Vouchers,3,,Lincoln County,08073,9,-4,-4,-4,-4,-4,-4.0,-4,-4,-4,-4,-4,-4,-4,-4,-4,-4,-4,-4,-4,-4,-4,-4,-4,-4,-4,-4,-4,-4,-4,-4,-4,-4,-4,-4,-4,-4,-4,-4,-4,,-4,-4,-4,-4,-4,-4,-4,-4,-4,-4,-4,-4,-4,-4,-4,-4,,,,,,CO,,,lincoln co,-4,-4,0,0
2019-12-31 00:00:00,County,CO Colorado,CO Lincoln County 08073,9,Project Based Section 8,5,,Lincoln County,08073,19,97,19,100,7,11,1.0,19,260,408,11575,11575,-1,37,53,11,-1,-1,-1,100,24,100,84,-1,-1,58,-1,86,17,42,5,5,26,63,-1,21,-1,-1,-1,79,,-1,21,-1,21,0,-1,64,-1,-1,100,-1,-1,-1,14,10,81,,,,,,CO,,,lincoln co,21,79,0,0
2019-12-31 00:00:00,County,CO Colorado,CO Logan County 08075,9,Public Housing,2,,Logan County,08075,110,99,109,100,6,23,1.3,142,301,360,13364,10258,8,31,28,17,15,9,8,83,27,94,67,3,6,64,7,80,24,42,1,26,26,48,5,18,4,-1,-1,82,,-1,15,-1,15,0,5,61,-1,-1,91,2,7,1,17,22,51,,,,,,CO,,,logan co,18,82,0,0
2019-12-31 00:00:00,County,CO Colorado,CO Logan County 08075,9,Housing Choice Vouchers,3,,Logan County,08075,42,82,36,100,8,-1,1.7,60,351,812,13024,7814,11,47,14,6,22,8,3,86,25,92,75,-1,17,72,17,81,100,62,-1,33,39,28,-1,14,6,-1,-1,86,,-1,8,-1,8,0,12,141,86,116,25,53,22,47,16,18,65,,,,,,CO,,,logan co,14,86,0,0
2019-12-31 00:00:00,County,CO Colorado,CO Logan County 08075,9,Project Based Section 8,5,,Logan County,08075,130,94,125,100,5,20,1.7,212,228,489,9640,5684,14,36,25,16,9,12,2,70,19,100,81,4,28,61,30,45,27,24,8,49,14,30,2,20,2,2,1,76,,1,10,5,15,1,-1,60,37,45,52,38,10,13,16,20,65,,,,,,CO,,,logan co,21,79,0,1
2019-12-31 00:00:00,County,CO Colorado,CO Mesa County 08077,9,Housing Choice Vouchers,3,,Mesa County,08077,1175,97,1110,97,5,16,1.9,2148,350,561,13767,7114,8,31,28,13,20,21,8,68,25,96,72,4,28,64,27,53,63,33,2,39,27,33,1,18,2,2,0,82,,0,14,1,15,1,18,77,88,92,33,41,26,30,23,21,57,,,,,,CO,,,mesa co,18,82,0,0
2019-12-31 00:00:00,County,CO Colorado,CO Mesa County 08077,9,Project Based Section 8,5,,Mesa County,08077,970,93,868,96,6,19,1.9,1649,289,576,12502,6581,13,31,24,14,18,25,6,65,23,97,73,5,36,74,36,38,48,22,10,43,17,30,2,24,1,2,1,73,,1,12,8,20,3,-1,61,53,70,47,37,16,9,24,21,55,,,,,,CO,,,mesa co,27,73,0,0
2019-12-31 00:00:00,County,CO Colorado,CO Mesa County 08077,9,202/PRAC,8,,Mesa County,08077,59,94,58,100,6,26,1.1,61,310,394,14227,13528,-1,28,26,34,12,-1,2,98,29,98,52,-1,-1,81,-1,-1,10,10,-1,-1,-1,100,22,9,2,2,-1,81,,-1,-1,5,5,2,-1,60,-1,-1,100,-1,-1,-1,23,19,45,,,,,,CO,,,mesa co,9,81,10,0
2019-12-31 00:00:00,County,CO Colorado,CO Mesa County 08077,9,811/PRAC,9,,Mesa County,08077,15,94,13,92,9,-1,1.0,13,274,358,11364,11364,-1,31,62,8,-1,-1,-1,100,24,100,85,-1,-1,77,-1,100,100,100,-1,38,15,46,8,0,-1,-1,-1,77,,-1,-1,-1,0,0,-1,122,-1,-1,100,-1,-1,-1,30,21,55,,,,,,CO,,,mesa co,0,77,23,0
2019-12-31 00:00:00,County,CO Colorado,CO Moffat County 08081,9,Housing Choice Vouchers,3,,Moffat County,08081,26,82,22,100,7,9,1.6,36,360,812,14125,8632,-1,32,36,18,14,5,-1,95,25,100,82,9,14,73,23,83,70,64,-1,45,9,45,9,14,9,-1,-1,86,,-1,5,-1,5,5,111,130,95,90,27,45,27,50,13,18,60,,,,,,CO,,,moffat co,14,86,0,0
2019-12-31 00:00:00,County,CO Colorado,CO Moffat County 08081,9,Project Based Section 8,5,,Moffat County,08081,203,88,195,100,5,29,1.7,323,275,562,12174,7350,14,30,27,13,16,16,8,72,22,97,73,5,28,69,27,30,18,16,6,38,17,39,7,8,1,1,1,85,,1,2,4,6,2,-1,54,59,90,51,49,-1,8,12,15,57,,,,,,CO,,,moffat co,12,88,0,1
2019-12-31 00:00:00,County,CO Colorado,CO Montezuma County 08083,9,Public Housing,2,,Montezuma County,08083,31,94,29,100,4,17,1.4,40,326,495,14811,10738,3,41,28,-1,28,21,3,76,29,86,72,7,17,76,17,44,38,30,3,14,38,45,-1,10,-1,7,-1,90,,-1,3,-1,3,0,26,61,52,78,45,55,-1,28,13,19,69,,,,,,CO,,,montezuma co,10,90,0,0
2019-12-31 00:00:00,County,CO Colorado,CO Montezuma County 08083,9,Housing Choice Vouchers,3,,Montezuma County,08083,224,84,190,100,5,23,2.0,386,343,593,13741,6764,5,36,25,14,19,25,3,68,25,97,73,9,26,67,32,49,58,27,2,47,24,28,1,28,-1,18,1,72,,-1,6,3,9,0,12,84,82,112,44,28,28,16,20,28,65,,,,,,CO,,,montezuma co,28,72,0,0
2019-12-31 00:00:00,County,CO Colorado,CO Montezuma County 08083,9,Project Based Section 8,5,,Montezuma County,08083,138,90,134,100,6,28,2.4,318,341,552,14687,6189,6,21,33,15,25,38,8,52,26,98,70,15,37,75,43,13,16,6,10,42,8,40,2,43,1,27,7,51,,-1,6,2,8,2,-1,50,62,110,38,33,29,6,23,32,53,,,,,,CO,,,montezuma co,51,49,0,1
2019-12-31 00:00:00,County,CO Colorado,CO Montrose County 08085,9,Housing Choice Vouchers,3,,Montrose County,08085,249,89,221,100,5,10,1.8,387,368,584,13808,7885,4,34,31,14,16,18,3,76,26,95,70,5,22,67,24,61,59,38,1,32,31,36,1,16,-1,0,0,84,,-1,15,-1,15,0,15,90,84,120,33,40,27,35,21,27,62,,,,,,CO,,,montrose co,16,84,0,0
2019-12-31 00:00:00,County,CO Colorado,CO Montrose County 08085,9,Project Based Section 8,5,,Montrose County,08085,210,97,205,100,5,13,1.4,291,276,612,12018,8466,6,38,30,16,8,8,4,86,24,98,72,1,16,63,13,51,42,32,3,20,14,63,5,9,0,0,0,58,,-1,5,3,8,0,-1,68,40,107,72,18,11,10,21,25,57,,,,,,CO,,,montrose co,9,58,33,0
2019-12-31 00:00:00,County,CO Colorado,CO Montrose County 08085,9,202/PRAC,8,,Montrose County,08085,97,97,95,100,6,11,1.0,97,329,546,14620,14319,-1,22,33,35,11,1,-1,99,31,98,47,-1,-1,77,-1,-1,2,2,-1,-1,-1,100,16,7,-1,2,1,67,,-1,-1,4,4,0,-1,70,-1,-1,100,-1,-1,-1,19,20,55,,,,,,CO,,,montrose co,7,67,26,0
2019-12-31 00:00:00,County,CO Colorado,CO Morgan County 08087,9,Public Housing,2,,Morgan County,08087,116,97,101,89,7,11,1.1,116,356,320,17480,15220,-1,15,32,24,30,2,1,97,36,83,45,-1,-1,61,-1,100,21,30,-1,4,13,83,17,15,-1,1,-1,85,,-1,14,-1,14,0,4,74,-1,-1,93,7,-1,-1,10,39,71,,,,,,CO,,,morgan co,15,85,0,0
2019-12-31 00:00:00,County,CO Colorado,CO Morgan County 08087,9,Housing Choice Vouchers,3,,Morgan County,08087,51,82,44,100,8,-1,2.0,87,348,812,12929,6539,2,33,40,16,9,9,-1,89,24,100,75,2,34,82,32,77,83,47,-1,32,27,41,2,23,7,-1,-1,77,,-1,16,-1,16,0,-1,168,89,114,11,50,39,52,11,40,69,,,,,,CO,,,morgan co,23,77,0,0
2019-12-31 00:00:00,County,CO Colorado,CO Morgan County 08087,9,Project Based Section 8,5,,Morgan County,08087,119,82,107,100,7,18,2.0,213,282,470,12424,6241,16,31,25,11,17,21,5,73,23,96,76,3,37,76,36,32,21,15,7,36,21,36,1,28,5,-1,1,56,,-1,18,5,22,1,-1,49,48,83,56,21,22,4,11,43,65,,,,,,CO,,,morgan co,28,56,16,0
2019-12-31 00:00:00,County,CO Colorado,CO Morgan County 08087,9,202/PRAC,8,,Morgan County,08087,29,84,23,94,7,9,1.0,24,315,78,14780,14164,-1,17,39,39,4,-1,-1,100,31,96,48,-1,-1,74,-1,-1,-1,0,-1,-1,-1,100,17,26,-1,-1,-1,74,,-1,26,-1,26,0,-1,61,-1,-1,100,-1,-1,-1,13,38,67,,,,,,CO,,,morgan co,26,74,0,0
2019-12-31 00:00:00,County,CO Colorado,CO Otero County 08089,9,Public Housing,2,,Otero County,08089,86,99,85,100,5,15,2.3,197,370,473,16038,6920,5,20,32,9,34,36,7,56,28,95,61,8,44,84,45,27,74,23,5,47,8,40,1,71,4,1,-1,29,,-1,62,4,66,0,4,69,64,176,36,28,35,13,33,50,71,,,,,,CO,,,otero co,71,29,0,0
2019-12-31 00:00:00,County,CO Colorado,CO Otero County 08089,9,Housing Choice Vouchers,3,,Otero County,08089,224,87,190,98,6,17,2.1,403,322,433,13058,6156,9,37,23,16,16,29,7,62,23,98,77,6,33,81,38,47,93,31,3,45,29,23,2,62,3,-1,1,38,,-1,56,2,58,0,18,87,86,147,28,43,29,25,30,50,74,,,,,,CO,,,otero co,62,38,0,0
2019-12-31 00:00:00,County,CO Colorado,CO Otero County 08089,9,Project Based Section 8,5,,Otero County,08089,262,95,252,100,6,20,1.9,474,247,558,10517,5591,14,38,29,12,7,16,5,73,20,99,83,6,25,56,23,48,65,29,10,35,21,34,3,62,3,-1,-1,36,,0,57,2,59,0,-1,57,10,61,63,20,17,2,30,53,72,,,,,,CO,,,otero co,64,36,0,0
2019-12-31 00:00:00,County,CO Colorado,CO Otero County 08089,9,811/PRAC,9,,Otero County,08089,28,95,26,97,5,15,1.3,33,253,247,10617,8365,-1,69,19,12,-1,-1,-1,100,22,100,88,-1,8,58,4,100,100,79,-1,23,27,50,4,42,-1,-1,-1,58,,-1,27,15,42,0,-1,67,-1,-1,65,35,-1,15,30,45,69,,,,,,CO,,,otero co,42,58,0,0
2019-12-31 00:00:00,County,CO Colorado,CO Ouray County 08091,9,Housing Choice Vouchers,3,,Ouray County,08091,8,-4,-4,-4,-4,-4,-4.0,-4,-4,-4,-4,-4,-4,-4,-4,-4,-4,-4,-4,-4,-4,-4,-4,-4,-4,-4,-4,-4,-4,-4,-4,-4,-4,-4,-4,-4,-4,-4,-4,-4,,-4,-4,-4,-4,-4,-4,-4,-4,-4,-4,-4,-4,-4,-4,-4,-4,,,,,,CO,,,ouray co,-4,-4,0,0
2019-12-31 00:00:00,County,CO Colorado,CO Park County 08093,9,Housing Choice Vouchers,3,,Park County,08093,14,82,12,100,7,-1,1.1,13,303,812,12245,11303,8,50,17,8,17,8,8,83,19,100,83,-1,8,75,8,71,100,85,-1,17,42,42,-1,8,-1,-1,-1,92,,-1,8,-1,8,0,-1,124,67,137,33,17,50,58,5,9,93,,,,,,CO,,,park co,8,92,0,0
2019-12-31 00:00:00,County,CO Colorado,CO Phillips County 08095,9,Public Housing,2,,Phillips County,08095,52,100,52,100,6,23,1.2,61,330,352,16059,13690,-1,18,31,25,25,15,-1,83,33,87,50,-1,6,62,4,40,28,28,2,21,15,62,8,8,2,2,-1,92,,-1,2,2,4,2,5,65,-1,-1,92,-1,8,6,7,19,87,,,,,,CO,,,phillips co,8,92,0,0
2019-12-31 00:00:00,County,CO Colorado,CO Phillips County 08095,9,Housing Choice Vouchers,3,,Phillips County,08095,1,-4,-4,-4,-4,-4,-4.0,-4,-4,-4,-4,-4,-4,-4,-4,-4,-4,-4,-4,-4,-4,-4,-4,-4,-4,-4,-4,-4,-4,-4,-4,-4,-4,-4,-4,-4,-4,-4,-4,-4,,-4,-4,-4,-4,-4,-4,-4,-4,-4,-4,-4,-4,-4,-4,-4,-4,,,,,,CO,,,phillips co,-4,-4,0,0
2019-12-31 00:00:00,County,CO Colorado,CO Phillips County 08095,9,Project Based Section 8,5,,Phillips County,08095,12,92,12,100,8,8,1.0,12,280,233,14006,14006,-1,25,33,33,8,8,-1,92,30,100,50,-1,-1,58,-1,-1,9,8,-1,-1,8,92,8,8,-1,-1,-1,92,,-1,8,-1,8,0,-1,62,-1,-1,100,-1,-1,-1,5,27,89,,,,,,CO,,,phillips co,8,92,0,0
2019-12-31 00:00:00,County,CO Colorado,CO Pitkin County 08097,9,Housing Choice Vouchers,3,,Pitkin County,08097,12,-4,-4,-4,-4,-4,-4.0,-4,-4,-4,-4,-4,-4,-4,-4,-4,-4,-4,-4,-4,-4,-4,-4,-4,-4,-4,-4,-4,-4,-4,-4,-4,-4,-4,-4,-4,-4,-4,-4,-4,,-4,-4,-4,-4,-4,-4,-4,-4,-4,-4,-4,-4,-4,-4,-4,-4,,,,,,CO,,,pitkin co,-4,-4,0,0
2019-12-31 00:00:00,County,CO Colorado,CO Prowers County 08099,9,Public Housing,2,,Prowers County,08099,46,93,43,100,7,23,1.3,58,342,367,15908,11794,-1,21,30,30,19,19,-1,81,31,93,51,-1,12,51,7,56,44,36,9,21,12,58,7,28,5,-1,-1,72,,-1,23,-1,23,0,5,63,26,33,81,9,9,5,18,35,76,,,,,,CO,,,prowers co,28,72,0,0
2019-12-31 00:00:00,County,CO Colorado,CO Prowers County 08099,9,Housing Choice Vouchers,3,,Prowers County,08099,126,84,106,100,5,14,2.1,226,287,476,11477,5383,18,33,23,14,12,25,12,61,21,98,78,5,37,67,41,50,69,30,2,45,28,25,1,45,2,1,-1,55,,1,42,-1,42,0,10,79,59,161,25,46,28,27,22,43,71,,,,,,CO,,,prowers co,45,55,0,0
2019-12-31 00:00:00,County,CO Colorado,CO Prowers County 08099,9,Project Based Section 8,5,,Prowers County,08099,100,95,95,100,5,21,2.0,190,251,499,10935,5468,14,38,30,8,10,20,7,69,20,98,86,2,33,71,33,44,41,23,12,33,25,31,1,32,1,1,1,59,,-1,14,15,28,1,-1,58,52,80,48,23,28,14,20,36,69,,,,,,CO,,,prowers co,34,66,0,1
2019-12-31 00:00:00,County,CO Colorado,CO Pueblo County 08101,9,Public Housing,2,,Pueblo County,08101,898,87,779,100,5,16,2.4,1854,324,599,15333,6442,9,32,22,14,22,25,9,65,27,91,68,6,41,73,42,40,47,21,4,45,16,35,2,56,3,0,0,44,,-1,52,0,52,0,9,76,66,102,42,18,40,8,32,60,62,,,,,,CO,,,pueblo co,56,44,0,0
2019-12-31 00:00:00,County,CO Colorado,CO Pueblo County 08101,9,Housing Choice Vouchers,3,,Pueblo County,08101,1987,84,1758,100,6,13,2.1,3769,347,618,13033,6079,10,37,22,15,16,22,8,67,23,97,76,5,35,74,35,54,78,31,2,45,27,26,1,60,5,0,0,40,,0,54,0,55,0,13,115,89,154,28,36,36,29,27,58,70,,,,,,CO,,,pueblo co,60,40,0,0
2019-12-31 00:00:00,County,CO Colorado,CO Pueblo County 08101,9,Mod Rehab,4,,Pueblo County,08101,276,94,108,42,4,29,2.6,281,238,239,10260,3944,35,28,15,9,13,20,33,45,17,96,86,19,54,76,61,22,50,11,18,62,13,7,-1,58,5,-1,-1,42,,1,53,-1,54,1,10,40,100,103,18,57,25,6,38,67,63,,,,,,CO,,,pueblo co,58,42,0,0
2019-12-31 00:00:00,County,CO Colorado,CO Pueblo County 08101,9,Project Based Section 8,5,,Pueblo County,08101,752,96,712,99,6,16,1.8,1262,252,636,11107,6266,18,36,25,12,10,13,11,75,22,99,78,3,29,70,27,37,40,22,7,32,17,43,4,55,2,0,0,41,,0,36,17,53,1,-1,66,53,80,62,18,20,4,27,55,54,,,,,,CO,,,pueblo co,60,40,0,1
2019-12-31 00:00:00,County,CO Colorado,CO Pueblo County 08101,9,202/PRAC,8,,Pueblo County,08101,96,97,96,100,7,17,1.0,100,306,170,13329,12795,-1,39,34,19,8,1,-1,99,28,97,69,-1,-1,60,-1,-1,9,10,-1,-1,-1,100,16,52,3,-1,-1,34,,-1,31,18,49,0,-1,74,1,25,100,-1,-1,-1,39,55,28,,,,,,CO,,,pueblo co,52,34,14,0
2019-12-31 00:00:00,County,CO Colorado,CO Pueblo County 08101,9,811/PRAC,9,,Pueblo County,08101,4,-4,-4,-4,-4,-4,-4.0,-4,-4,-4,-4,-4,-4,-4,-4,-4,-4,-4,-4,-4,-4,-4,-4,-4,-4,-4,-4,-4,-4,-4,-4,-4,-4,-4,-4,-4,-4,-4,-4,-4,,-4,-4,-4,-4,-4,-4,-4,-4,-4,-4,-4,-4,-4,-4,-4,-4,,,,,,CO,,,pueblo co,-4,-4,0,0
2019-12-31 00:00:00,County,CO Colorado,CO Rio Blanco County 08103,9,Housing Choice Vouchers,3,,Rio Blanco County,08103,5,-4,-4,-4,-4,-4,-4.0,-4,-4,-4,-4,-4,-4,-4,-4,-4,-4,-4,-4,-4,-4,-4,-4,-4,-4,-4,-4,-4,-4,-4,-4,-4,-4,-4,-4,-4,-4,-4,-4,-4,,-4,-4,-4,-4,-4,-4,-4,-4,-4,-4,-4,-4,-4,-4,-4,-4,,,,,,CO,,,rio blanco co,-4,-4,0,0
2019-12-31 00:00:00,County,CO Colorado,CO Rio Blanco County 08103,9,Project Based Section 8,5,,Rio Blanco County,08103,36,91,35,100,6,26,1.7,58,219,542,9936,5996,25,25,16,28,6,14,3,74,17,100,83,-1,31,71,29,45,23,22,-1,46,17,37,-1,3,-1,-1,-1,97,,-1,-1,3,3,3,-1,51,37,40,63,17,20,9,15,13,76,,,,,,CO,,,rio blanco co,3,97,0,0
2019-12-31 00:00:00,County,CO Colorado,CO Rio Grande County 08105,9,Housing Choice Vouchers,3,,Rio Grande County,08105,27,82,23,100,8,13,2.3,53,349,812,13948,6053,-1,30,39,22,9,17,4,78,25,100,83,-1,52,91,52,40,75,32,-1,52,13,35,4,78,4,-1,-1,22,,-1,74,-1,74,0,21,84,87,131,13,35,52,39,18,54,70,,,,,,CO,,,rio grande co,78,22,0,0
2019-12-31 00:00:00,County,CO Colorado,CO Rio Grande County 08105,9,Project Based Section 8,5,,Rio Grande County,08105,86,95,82,100,5,16,2.0,166,309,612,13791,6812,7,30,32,12,19,16,5,78,26,96,68,9,23,67,26,30,29,16,7,27,12,54,9,59,-1,4,-1,37,,-1,49,6,55,4,-1,67,1,65,62,6,32,2,19,59,68,,,,,,CO,,,rio grande co,56,44,0,1
2019-12-31 00:00:00,County,CO Colorado,CO Rio Grande County 08105,9,202/PRAC,8,,Rio Grande County,08105,28,99,28,100,7,7,1.0,28,272,465,11713,11713,-1,61,21,7,11,-1,-1,100,25,96,82,-1,-1,46,-1,-1,43,43,-1,-1,-1,100,11,50,-1,-1,-1,46,,-1,14,36,50,0,-1,58,-1,-1,100,-1,-1,-1,16,56,64,,,,,,CO,,,rio grande co,44,56,0,1
2019-12-31 00:00:00,County,CO Colorado,CO Routt County 08107,9,Housing Choice Vouchers,3,,Routt County,08107,43,82,37,100,6,5,1.3,49,354,812,13985,10560,-1,25,50,8,17,11,-1,86,22,95,84,3,5,57,8,88,67,63,-1,49,19,32,3,5,-1,-1,-1,95,,-1,5,-1,5,0,105,88,59,78,32,19,49,59,11,10,61,,,,,,CO,,,routt co,5,95,0,0
2019-12-31 00:00:00,County,CO Colorado,CO Routt County 08107,9,Project Based Section 8,5,,Routt County,08107,2,-4,-4,-4,-4,-4,-4.0,-4,-4,-4,-4,-4,-4,-4,-4,-4,-4,-4,-4,-4,-4,-4,-4,-4,-4,-4,-4,-4,-4,-4,-4,-4,-4,-4,-4,-4,-4,-4,-4,-4,,-4,-4,-4,-4,-4,-4,-4,-4,-4,-4,-4,-4,-4,-4,-4,-4,,,,,,CO,,,routt co,-4,-4,0,0
2019-12-31 00:00:00,County,CO Colorado,CO Routt County 08107,9,811/PRAC,9,,Routt County,08107,7,-4,-4,-4,-4,-4,-4.0,-4,-4,-4,-4,-4,-4,-4,-4,-4,-4,-4,-4,-4,-4,-4,-4,-4,-4,-4,-4,-4,-4,-4,-4,-4,-4,-4,-4,-4,-4,-4,-4,-4,,-4,-4,-4,-4,-4,-4,-4,-4,-4,-4,-4,-4,-4,-4,-4,-4,,,,,,CO,,,routt co,-4,-4,0,0
2019-12-31 00:00:00,County,CO Colorado,CO Saguache County 08109,9,Public Housing,2,,Saguache County,08109,30,100,30,100,5,13,2.5,74,372,299,22453,9103,7,20,10,10,53,43,3,53,39,70,37,20,30,63,37,17,42,14,7,37,17,40,-1,87,-1,7,-1,13,,-1,80,-1,80,0,3,92,63,117,33,27,40,7,16,70,71,,,,,,CO,,,saguache co,87,13,0,0
2019-12-31 00:00:00,County,CO Colorado,CO Saguache County 08109,9,Housing Choice Vouchers,3,,Saguache County,08109,37,62,22,98,6,5,2.5,55,283,596,10612,4245,5,40,40,5,10,18,5,68,19,100,91,18,27,59,32,50,70,25,-1,45,9,45,-1,59,-1,-1,-1,41,,-1,59,-1,59,0,4,79,68,162,27,32,41,23,17,48,71,,,,,,CO,,,saguache co,59,41,0,0
2019-12-31 00:00:00,County,CO Colorado,CO Saguache County 08109,9,Project Based Section 8,5,,Saguache County,08109,23,99,23,100,7,13,2.1,48,332,555,13807,6616,4,39,26,4,26,35,4,61,25,100,74,13,35,83,48,25,14,13,9,35,26,30,-1,61,-1,-1,-1,39,,-1,61,-1,61,0,-1,71,4,81,17,65,17,26,18,43,71,,,,,,CO,,,saguache co,61,39,0,0
2019-12-31 00:00:00,County,CO Colorado,CO San Juan County 08111,9,Housing Choice Vouchers,3,,San Juan County,08111,3,-4,-4,-4,-4,-4,-4.0,-4,-4,-4,-4,-4,-4,-4,-4,-4,-4,-4,-4,-4,-4,-4,-4,-4,-4,-4,-4,-4,-4,-4,-4,-4,-4,-4,-4,-4,-4,-4,-4,-4,,-4,-4,-4,-4,-4,-4,-4,-4,-4,-4,-4,-4,-4,-4,-4,-4,,,,,,CO,,,san juan co,-4,-4,0,0
2019-12-31 00:00:00,County,CO Colorado,CO San Miguel County 08113,9,Housing Choice Vouchers,3,,San Miguel County,08113,42,82,36,100,7,-1,1.5,54,361,812,15111,10074,3,29,23,23,23,36,-1,61,24,100,78,3,22,69,22,26,65,31,-1,28,25,47,-1,11,-1,-1,-1,89,,3,8,-1,11,0,-1,107,69,91,47,22,31,33,11,14,57,,,,,,CO,,,san miguel co,11,89,0,0
2019-12-31 00:00:00,County,CO Colorado,CO Sedgwick County 08115,9,Public Housing,2,,Sedgwick County,08115,52,96,50,100,6,14,1.8,92,341,390,16311,8865,4,19,17,26,34,42,2,50,31,86,46,6,24,52,24,46,20,25,8,34,28,30,-1,16,-1,-1,-1,84,,-1,16,-1,16,0,13,59,-1,-1,54,24,22,8,17,14,80,,,,,,CO,,,sedgwick co,16,84,0,0
2019-12-31 00:00:00,County,CO Colorado,CO Sedgwick County 08115,9,Housing Choice Vouchers,3,,Sedgwick County,08115,2,-4,-4,-4,-4,-4,-4.0,-4,-4,-4,-4,-4,-4,-4,-4,-4,-4,-4,-4,-4,-4,-4,-4,-4,-4,-4,-4,-4,-4,-4,-4,-4,-4,-4,-4,-4,-4,-4,-4,-4,,-4,-4,-4,-4,-4,-4,-4,-4,-4,-4,-4,-4,-4,-4,-4,-4,,,,,,CO,,,sedgwick co,-4,-4,0,0
2019-12-31 00:00:00,County,CO Colorado,CO Summit County 08117,9,Housing Choice Vouchers,3,,Summit County,08117,17,82,15,100,7,13,1.7,26,298,812,12603,7271,8,46,15,15,15,20,-1,67,17,100,87,-1,27,67,20,70,80,42,-1,53,13,33,-1,7,-1,-1,-1,93,,-1,7,-1,7,0,23,100,73,64,40,40,20,27,12,15,32,,,,,,CO,,,summit co,7,93,0,0
2019-12-31 00:00:00,County,CO Colorado,CO Teller County 08119,9,Housing Choice Vouchers,3,,Teller County,08119,34,82,29,100,8,3,1.7,50,337,812,12220,7087,4,30,33,22,11,10,-1,83,20,100,86,3,21,79,24,50,92,42,-1,38,17,45,17,3,-1,-1,-1,97,,-1,3,-1,3,0,78,135,83,117,31,41,28,41,9,10,83,,,,,,CO,,,teller co,3,97,0,0
2019-12-31 00:00:00,County,CO Colorado,CO Washington County 08121,9,Housing Choice Vouchers,3,,Washington County,08121,9,-4,-4,-4,-4,-4,-4.0,-4,-4,-4,-4,-4,-4,-4,-4,-4,-4,-4,-4,-4,-4,-4,-4,-4,-4,-4,-4,-4,-4,-4,-4,-4,-4,-4,-4,-4,-4,-4,-4,-4,,-4,-4,-4,-4,-4,-4,-4,-4,-4,-4,-4,-4,-4,-4,-4,-4,,,,,,CO,,,washington co,-4,-4,0,0
2019-12-31 00:00:00,County,CO Colorado,CO Washington County 08121,9,Project Based Section 8,5,,Washington County,08121,21,89,19,100,6,11,1.1,21,319,176,15800,14295,5,16,21,32,26,-1,-1,100,33,95,32,-1,-1,74,-1,100,65,62,-1,5,5,89,5,0,-1,-1,-1,100,,-1,-1,-1,0,0,-1,46,5,93,68,32,-1,26,11,12,89,,,,,,CO,,,washington co,0,100,0,0
2019-12-31 00:00:00,County,CO Colorado,CO Weld County 08123,9,Public Housing,2,,Weld County,08123,176,94,164,99,6,11,3.0,497,455,491,20929,6906,6,22,14,18,40,40,4,49,29,87,64,5,50,79,50,18,50,11,1,48,21,30,3,60,12,-1,1,40,,1,46,-1,48,0,37,83,63,94,27,26,47,13,17,53,64,,,,,,CO,,,weld co,60,40,0,0
2019-12-31 00:00:00,County,CO Colorado,CO Weld County 08123,9,Housing Choice Vouchers,3,,Weld County,08123,1213,84,990,97,6,21,2.2,2156,333,723,13387,6147,11,29,27,16,17,21,3,71,21,98,82,3,37,77,36,49,66,27,4,42,21,33,2,58,5,0,0,42,,0,52,0,52,0,15,91,70,90,37,34,29,20,21,46,49,,,,,,CO,,,weld co,58,42,0,0
2019-12-31 00:00:00,County,CO Colorado,CO Weld County 08123,9,Mod Rehab,4,,Weld County,08123,119,151,118,66,2,7,2.7,317,375,372,15249,5676,13,30,19,11,28,39,3,52,22,93,76,5,58,81,60,16,35,7,11,57,13,19,1,92,1,-1,-1,8,,-1,91,-1,91,0,7,53,100,68,11,87,2,11,20,47,59,,,,,,CO,,,weld co,92,8,0,0
2019-12-31 00:00:00,County,CO Colorado,CO Weld County 08123,9,Project Based Section 8,5,,Weld County,08123,992,93,948,100,7,17,1.6,1558,311,530,13660,8312,8,32,27,16,17,16,4,78,22,98,76,3,21,72,22,34,26,18,5,22,17,57,5,46,3,1,0,51,,0,34,7,42,1,-1,71,30,60,72,15,13,3,22,54,54,,,,,,CO,,,weld co,49,51,0,0
2019-12-31 00:00:00,County,CO Colorado,CO Weld County 08123,9,S236/BMIR,7,,Weld County,08123,0,-1,11,-1,8,-1,3.7,41,917,-1,48750,13079,-1,9,-1,-1,91,91,-1,9,64,9,9,55,36,91,82,9,-1,5,27,55,18,-1,-1,64,45,-1,-1,27,,-1,9,9,18,0,-1,73,100,71,-1,55,45,-1,-1,-1,-1,,,,,,CO,,,weld co,64,27,9,0
2019-12-31 00:00:00,County,CO Colorado,CO Weld County 08123,9,202/PRAC,8,,Weld County,08123,82,99,84,100,6,14,1.1,89,310,230,13668,12900,2,30,31,27,10,-1,1,99,24,99,76,-1,-1,62,-1,-1,2,2,-1,-1,-1,100,14,52,-1,-1,-1,37,,-1,4,49,52,0,-1,73,-1,-1,100,-1,-1,-1,33,79,30,,,,,,CO,,,weld co,52,37,11,0
2019-12-31 00:00:00,County,CO Colorado,CO Weld County 08123,9,811/PRAC,9,,Weld County,08123,38,92,35,100,6,17,1.0,36,282,357,11944,11613,3,26,57,11,3,-1,3,97,21,100,91,-1,-1,74,-1,100,93,97,-1,23,34,43,-1,34,3,-1,-1,54,,-1,9,23,31,0,-1,51,100,40,83,17,-1,17,6,18,74,,,,,,CO,,,weld co,31,69,0,1
2019-12-31 00:00:00,County,CO Colorado,CO Yuma County 08125,9,Public Housing,2,,Yuma County,08125,91,98,88,99,6,19,1.3,116,322,326,15549,11796,2,22,36,22,18,16,1,83,31,91,58,-1,11,60,9,44,33,30,1,14,14,72,9,6,-1,-1,-1,94,,-1,6,-1,6,0,18,68,14,129,77,17,6,10,14,22,78,,,,,,CO,,,yuma co,6,94,0,0
2019-12-31 00:00:00,County,CO Colorado,CO Yuma County 08125,9,Housing Choice Vouchers,3,,Yuma County,08125,15,82,13,100,8,-1,2.6,34,323,812,13869,5303,8,23,38,8,23,23,15,62,24,100,69,8,54,85,54,50,100,29,-1,54,23,23,-1,8,-1,-1,-1,92,,-1,8,-1,8,0,4,95,77,142,8,23,69,46,15,27,76,,,,,,CO,,,yuma co,8,92,0,0
2019-12-31 00:00:00,County,CO Colorado,CO Yuma County 08125,9,Project Based Section 8,5,,Yuma County,08125,20,96,18,93,6,6,1.1,20,259,383,12633,11369,-1,28,50,22,-1,11,-1,89,26,100,72,-1,-1,78,-1,100,19,25,-1,6,6,89,17,22,-1,-1,-1,78,,-1,22,-1,22,0,-1,104,-1,-1,100,-1,-1,-1,14,16,79,,,,,,CO,,,yuma co,22,78,0,0
2019-12-31 00:00:00,County,CO Colorado,"CO Missing, Colorado 08XXX",9,Housing Choice Vouchers,3,,Missing County,08XXX,178,90,164,100,4,2,2.3,378,4,942,13068,5670,10,42,17,7,24,26,7,53,-1,-1,-1,6,40,74,40,35,85,20,5,58,25,12,2,63,35,2,-1,37,,1,24,1,26,1,-1,34,2,163,76,13,11,6,-1,-1,-1,,,,,,CO,,,nan co,63,37,0,0
2019-12-31 00:00:00,County,CO Colorado,"CO Missing, Colorado 08XXX",9,Project Based Section 8,5,,Missing County,08XXX,14,92,13,100,6,23,2.5,32,433,802,17425,7079,-1,36,18,9,36,31,8,46,-1,-1,-1,15,38,54,38,13,20,6,-1,46,15,38,-1,62,8,-1,-1,38,,-1,54,-1,54,0,-1,64,69,91,31,38,31,8,-1,-1,-1,,,,,,CO,,,nan co,62,38,0,0
2019-12-31 00:00:00,County,CO Colorado,CO Larimer County 08069,9,Summary of All HUD Programs,1,,Larimer County,08069,3044,87,2777,100,5,10,1.8,5081,354,811,14424,7883,6,28,27,17,21,20,4,71,21,97,81,3,26,71,27,53,45,30,2,38,21,39,3,24,3,1,1,72,96.0,0,16,2,18,1,29,95,68,103,40,37,23,25,14,18,60,,,,,,CO,,,larimer co,25,75,0,1
2019-12-31 00:00:00,County,CO Colorado,CO La Plata County 08067,9,Summary of All HUD Programs,1,,Plata County,08067,542,86,481,100,6,21,1.8,869,321,750,13411,7423,8,31,27,16,17,22,6,67,21,98,82,4,27,69,28,50,49,29,4,41,18,38,2,26,1,8,2,70,96.0,-1,11,4,15,1,16,74,79,72,50,25,25,19,11,22,55,,,,,,CO,,,plata co,33,67,0,1
2019-12-31 00:00:00,County,CO Colorado,CO Prowers County 08099,9,Summary of All HUD Programs,1,,Prowers County,08099,272,90,244,100,5,18,1.9,474,283,466,12047,6201,13,33,27,15,12,22,8,68,22,97,77,3,31,66,32,48,51,28,7,36,24,33,2,37,2,1,0,59,96.0,0,27,6,34,0,8,68,50,117,44,31,25,18,20,39,71,,,,,,CO,,,prowers co,41,59,0,1
2019-12-31 00:00:00,County,CO Colorado,CO Rio Grande County 08105,9,Summary of All HUD Programs,1,,Rio Grande County,08105,141,93,133,100,6,14,1.9,247,308,615,13381,7205,5,36,31,13,15,13,4,83,25,97,74,5,23,67,25,33,38,23,5,26,10,60,8,60,1,2,-1,36,96.0,-1,46,11,57,2,21,68,16,128,62,10,29,8,18,57,67,,,,,,CO,,,rio grande co,62,38,0,1
2019-12-31 00:00:00,County,CO Colorado,CO Montezuma County 08083,9,Summary of All HUD Programs,1,,Montezuma County,08083,393,87,353,100,5,24,2.1,744,341,570,14188,6732,5,31,28,13,22,30,5,63,26,97,72,11,29,71,35,36,37,18,5,42,19,34,1,32,0,20,3,65,97.0,-1,6,3,8,1,14,69,72,109,42,32,26,13,21,29,61,,,,,,CO,,,montezuma co,35,65,0,0
2019-12-31 00:00:00,County,CO Colorado,CO Archuleta County 08007,9,Summary of All HUD Programs,1,,Archuleta County,08007,116,92,110,100,6,14,2.0,216,300,535,12574,6403,8,32,29,18,13,33,3,59,24,98,74,5,30,75,28,15,23,10,5,34,11,51,5,45,1,3,-1,52,97.0,-1,34,8,42,1,2,79,26,96,52,15,33,11,13,24,80,,,,,,CO,,,archuleta co,48,52,0,0
2019-12-31 00:00:00,County,CO Colorado,CO Adams County 08001,9,Summary of All HUD Programs,1,,Adams County,08001,4129,88,3899,100,6,11,2.3,8886,339,950,14001,6144,10,31,22,13,23,26,4,62,18,98,84,5,37,77,39,37,45,20,3,46,20,31,2,68,22,1,3,29,97.0,1,36,5,42,1,25,89,80,84,41,33,26,12,17,59,47,,,,,,CO,,,adams co,71,29,0,0
2019-12-31 00:00:00,County,CO Colorado,CO Denver County 08031,9,Summary of All HUD Programs,1,,Denver County,08031,18875,95,17082,96,6,12,2.0,34331,335,854,13676,6805,10,36,22,13,20,22,6,66,19,97,85,5,29,67,30,41,53,26,2,38,22,38,3,70,35,1,3,27,97.0,1,26,4,31,1,18,97,46,92,54,24,23,9,21,57,40,,,,,,CO,,,denver co,73,27,0,0
2019-12-31 00:00:00,County,CO Colorado,CO Baca County 08009,9,Summary of All HUD Programs,1,,Baca County,08009,51,94,49,100,6,16,1.1,53,260,430,11724,10840,6,38,40,8,8,-1,2,96,24,98,84,-1,-1,53,-1,100,34,55,-1,16,18,65,10,10,2,6,-1,88,98.0,-1,-1,2,2,4,-1,49,2,79,100,-1,-1,-1,21,12,81,,,,,,CO,,,baca co,12,88,0,0
2019-12-31 00:00:00,County,CO Colorado,CO Garfield County 08045,9,Summary of All HUD Programs,1,,Garfield County,08045,679,99,681,100,5,17,1.6,1087,346,674,14661,9185,7,26,27,19,21,16,3,78,25,96,70,3,19,71,20,53,30,28,1,28,20,51,5,18,2,2,1,80,98.0,0,13,1,14,1,30,75,53,117,59,23,18,19,9,30,61,,,,,,CO,,,garfield co,20,80,0,0
2019-12-31 00:00:00,County,CO Colorado,CO Mesa County 08077,9,Summary of All HUD Programs,1,,Mesa County,08077,2220,95,2049,97,5,18,1.9,3871,323,562,13229,7002,10,31,26,14,19,22,7,68,24,97,72,4,31,69,30,47,53,28,5,39,22,34,2,20,1,2,0,78,98.0,0,12,4,17,2,18,70,70,85,41,38,21,20,23,21,56,,,,,,CO,,,mesa co,22,78,0,0
2019-12-31 00:00:00,County,CO Colorado,CO Broomfield County 08014,9,Summary of All HUD Programs,1,,Broomfield County,08014,229,79,225,100,7,8,1.3,296,354,653,15475,11763,2,22,32,22,23,9,1,89,23,98,78,1,9,79,8,60,18,22,-1,16,11,73,14,23,2,1,4,75,98.0,-1,14,1,15,0,17,91,57,61,79,11,10,9,6,21,46,,,,,,CO,,,broomfield co,25,75,0,0
2019-12-31 00:00:00,County,CO Colorado,CO Lake County 08065,9,Summary of All HUD Programs,1,,Lake County,08065,41,86,35,98,6,6,1.4,48,393,650,14438,10527,-1,34,34,17,14,9,-1,91,29,94,69,-1,11,46,11,62,50,40,-1,23,14,63,3,29,-1,-1,-1,69,98.0,-1,26,3,29,0,-1,76,40,87,77,17,6,6,14,35,76,,,,,,CO,,,lake co,31,69,0,0
2019-12-31 00:00:00,County,CO Colorado,CO Douglas County 08035,9,Summary of All HUD Programs,1,,Douglas County,08035,247,86,214,100,6,6,1.8,395,381,849,15441,8365,9,26,24,16,25,25,3,69,21,96,77,2,29,80,30,48,51,31,1,39,23,37,5,32,13,0,2,66,98.0,0,16,0,17,0,41,112,83,82,40,41,19,21,8,18,56,,,,,,CO,,,douglas co,34,66,0,0
2019-12-31 00:00:00,County,CO Colorado,CO Kit Carson County 08063,9,Summary of All HUD Programs,1,,Kit Carson County,08063,105,94,97,98,6,27,2.0,197,288,493,13276,6537,5,36,22,18,18,33,8,56,24,99,70,14,26,65,32,41,55,24,8,51,19,23,3,32,-1,-1,3,66,98.0,-1,18,11,29,0,4,54,16,167,51,21,29,11,10,27,71,,,,,,CO,,,kit carson co,34,66,0,0
2019-12-31 00:00:00,County,CO Colorado,CO Boulder County 08013,9,Summary of All HUD Programs,1,,Boulder County,08013,3852,89,3516,100,7,13,2.0,7111,433,896,17087,8449,6,25,23,16,30,30,4,62,19,99,85,6,29,69,30,43,46,24,3,40,20,36,3,36,4,1,2,62,98.0,0,25,5,29,1,35,106,63,99,42,33,25,18,16,26,50,,,,,,CO,,,boulder co,38,62,0,0
2019-12-31 00:00:00,County,CO Colorado,CO Jefferson County 08059,9,Summary of All HUD Programs,1,,Jefferson County,08059,5191,60,4606,100,5,10,1.8,8497,378,864,15535,8421,7,27,24,18,25,20,4,73,21,97,79,3,27,74,27,49,37,27,2,35,20,43,5,41,7,1,2,57,98.0,0,28,3,31,1,10,101,68,78,48,34,19,16,12,31,48,,,,,,CO,,,jefferson co,43,57,0,0
2019-12-31 00:00:00,County,CO Colorado,CO El Paso County 08041,9,Summary of All HUD Programs,1,,El Paso County,08041,5012,91,4546,100,6,11,2.0,9280,343,657,13679,6701,9,34,25,14,18,22,5,69,21,97,82,4,32,74,33,43,60,28,2,42,24,32,2,52,27,1,3,46,98.0,1,17,3,21,3,16,100,68,121,44,31,24,16,20,39,53,,,,,,CO,,,el paso co,54,46,0,0
2019-12-31 00:00:00,County,CO Colorado,CO Weld County 08123,9,Summary of All HUD Programs,1,,Weld County,08123,2621,92,2350,98,6,17,2.0,4694,336,585,14271,7144,9,30,26,16,19,21,3,72,22,97,78,3,31,75,31,40,39,21,4,33,18,44,4,54,5,0,0,44,98.0,0,44,5,49,0,17,79,53,80,52,27,21,11,21,50,52,,,,,,CO,,,weld co,56,44,0,0
2019-12-31 00:00:00,County,CO Colorado,CO Las Animas County 08071,9,Summary of All HUD Programs,1,,Las Animas County,08071,434,85,375,100,6,19,1.9,714,320,491,13554,7119,10,32,25,15,18,24,7,65,25,94,71,9,26,65,29,43,60,27,5,40,22,34,1,56,1,1,-1,42,98.0,1,47,7,54,1,6,79,77,127,49,28,23,13,21,52,73,,,,,,CO,,,las animas co,58,42,0,0
2019-12-31 00:00:00,County,CO Colorado,CO Delta County 08029,9,Summary of All HUD Programs,1,,Delta County,08029,355,96,347,100,5,17,1.9,666,348,507,14677,7647,5,31,24,18,21,19,3,77,27,95,65,5,25,73,24,47,37,24,2,29,22,48,6,16,-1,1,-1,83,99.0,-1,15,0,15,0,16,67,70,146,39,33,27,28,19,22,73,,,,,,CO,,,delta co,17,83,0,0
2019-12-31 00:00:00,County,CO Colorado,CO Logan County 08075,9,Summary of All HUD Programs,1,,Logan County,08075,282,94,270,100,6,19,1.5,414,274,478,11594,7562,11,36,25,15,13,10,4,77,23,97,74,3,17,64,19,62,33,36,4,37,22,37,3,19,3,1,0,80,99.0,0,11,2,14,0,5,71,29,74,64,26,10,13,17,20,59,,,,,,CO,,,logan co,20,80,0,0
2019-12-31 00:00:00,County,CO Colorado,CO Pueblo County 08101,9,Summary of All HUD Programs,1,,Pueblo County,08101,4012,88,3457,98,6,15,2.1,7270,318,577,13072,6216,12,36,23,14,16,20,9,68,24,96,75,5,34,73,35,47,55,26,4,42,21,33,2,58,4,0,0,41,99.0,0,49,4,53,0,12,93,74,130,40,28,32,18,29,58,63,,,,,,CO,,,pueblo co,59,41,0,0
2019-12-31 00:00:00,County,CO Colorado,CO Otero County 08089,9,Summary of All HUD Programs,1,,Otero County,08089,600,92,553,100,6,18,2.0,1107,292,486,12243,6116,10,36,27,13,14,23,6,68,23,98,78,6,30,69,31,46,76,30,6,40,22,32,2,62,3,0,0,37,99.0,0,56,3,59,0,13,69,44,144,47,30,23,12,31,51,72,,,,,,CO,,,otero co,63,37,0,0
2019-12-31 00:00:00,County,CO Colorado,CO Arapahoe County 08005,9,Summary of All HUD Programs,1,,Arapahoe County,08005,4865,91,5107,100,6,10,2.3,11551,370,1118,14815,6550,8,31,22,15,24,28,3,63,20,97,83,8,31,72,32,36,45,20,2,43,19,35,4,65,47,1,5,34,99.0,1,10,1,12,1,25,101,79,90,42,31,27,13,15,49,41,,,,,,CO,,,arapahoe co,66,34,0,0
2019-12-31 00:00:00,County,CO Colorado,CO Clear Creek County 08019,9,Summary of All HUD Programs,1,,Clear Creek County,08019,31,91,28,99,8,14,1.0,29,301,597,12856,12413,4,29,43,14,11,-1,4,96,20,100,89,-1,-1,68,-1,100,21,45,-1,11,21,68,7,0,-1,-1,-1,100,100.0,-1,-1,-1,0,0,59,88,32,85,82,11,7,14,11,8,73,,,,,,CO,,,clear creek co,0,100,0,0
2019-12-31 00:00:00,County,CO Colorado,CO Kiowa County 08061,9,Summary of All HUD Programs,1,,Kiowa County,08061,11,98,11,100,8,27,1.0,11,257,405,12018,12018,-1,27,55,18,-1,9,-1,91,25,100,82,-1,-1,91,-1,100,57,73,-1,9,27,64,-1,0,-1,-1,-1,100,100.0,-1,-1,-1,0,0,-1,61,-1,-1,91,9,-1,9,11,7,78,,,,,,CO,,,kiowa co,0,100,0,0
2019-12-31 00:00:00,County,CO Colorado,CO Washington County 08121,9,Summary of All HUD Programs,1,,Washington County,08121,30,87,27,100,7,15,1.2,32,297,360,14409,12157,11,19,22,30,19,4,4,93,30,96,44,-1,4,81,4,75,68,63,-1,11,19,70,4,0,-1,-1,-1,100,100.0,-1,-1,-1,0,0,-1,64,22,107,52,48,-1,33,11,11,88,,,,,,CO,,,washington co,0,100,0,0
2019-12-31 00:00:00,County,CO Colorado,CO Rio Blanco County 08103,9,Summary of All HUD Programs,1,,Rio Blanco County,08103,41,90,39,100,6,23,1.6,64,223,570,9943,6059,25,22,22,25,6,13,3,77,17,100,85,-1,33,74,31,50,23,25,-1,49,18,33,-1,3,-1,-1,-1,97,100.0,-1,-1,3,3,3,-1,53,38,44,59,18,23,15,14,13,76,,,,,,CO,,,rio blanco co,3,97,0,0
2019-12-31 00:00:00,County,CO Colorado,CO Teller County 08119,9,Summary of All HUD Programs,1,,Teller County,08119,34,82,29,100,8,3,1.7,50,337,812,12220,7087,4,30,33,22,11,10,-1,83,20,100,86,3,21,79,24,50,92,42,-1,38,17,45,17,3,-1,-1,-1,97,100.0,-1,3,-1,3,0,78,135,83,117,31,41,28,41,9,10,83,,,,,,CO,,,teller co,3,97,0,0
2019-12-31 00:00:00,County,CO Colorado,CO Routt County 08107,9,Summary of All HUD Programs,1,,Routt County,08107,52,85,45,100,6,4,1.3,59,354,723,14059,10723,-1,25,45,14,16,11,-1,87,22,96,82,2,4,51,7,88,69,64,-1,47,24,29,2,4,-1,-1,-1,96,100.0,-1,4,-1,4,0,105,81,53,79,40,20,40,49,10,10,63,,,,,,CO,,,routt co,4,96,0,0
2019-12-31 00:00:00,County,CO Colorado,CO Summit County 08117,9,Summary of All HUD Programs,1,,Summit County,08117,17,82,15,100,7,13,1.7,26,298,812,12603,7271,8,46,15,15,15,20,-1,67,17,100,87,-1,27,67,20,70,80,42,-1,53,13,33,-1,7,-1,-1,-1,93,100.0,-1,7,-1,7,0,23,100,73,64,40,40,20,27,12,15,32,,,,,,CO,,,summit co,7,93,0,0
2019-12-31 00:00:00,County,CO Colorado,CO Cheyenne County 08017,9,Summary of All HUD Programs,1,,Cheyenne County,08017,25,100,25,100,5,24,1.2,30,387,314,21461,17884,4,20,16,24,36,48,-1,52,44,76,36,-1,8,60,-1,23,25,23,-1,36,16,48,4,8,-1,-1,-1,92,100.0,-1,8,-1,8,0,3,47,-1,-1,40,8,52,56,11,12,80,,,,,,CO,,,cheyenne co,8,92,0,0
2019-12-31 00:00:00,County,CO Colorado,CO Gunnison County 08051,9,Summary of All HUD Programs,1,,Gunnison County,08051,55,93,51,99,7,10,1.3,68,343,577,13955,10466,-1,22,39,22,16,12,-1,84,27,92,65,2,12,65,14,65,19,31,-1,22,18,61,4,8,-1,-1,-1,92,100.0,-1,6,2,8,0,3,95,43,97,67,27,6,20,20,16,48,,,,,,CO,,,gunnison co,8,92,0,0
2019-12-31 00:00:00,County,CO Colorado,CO Lincoln County 08073,9,Summary of All HUD Programs,1,,Lincoln County,08073,68,94,65,100,6,14,1.4,94,317,384,16354,11308,3,25,34,19,19,23,-1,75,31,88,62,3,15,63,17,48,34,29,5,20,26,49,3,8,-1,-1,-1,92,100.0,-1,8,-1,8,0,4,76,11,131,77,17,6,6,13,22,72,,,,,,CO,,,lincoln co,8,92,0,0
2019-12-31 00:00:00,County,CO Colorado,CO Park County 08093,9,Summary of All HUD Programs,1,,Park County,08093,14,82,12,100,7,-1,1.1,13,303,812,12245,11303,8,50,17,8,17,8,8,83,19,100,83,-1,8,75,8,71,100,85,-1,17,42,42,-1,8,-1,-1,-1,92,100.0,-1,8,-1,8,0,-1,124,67,137,33,17,50,58,5,9,93,,,,,,CO,,,park co,8,92,0,0
2019-12-31 00:00:00,County,CO Colorado,CO Yuma County 08125,9,Summary of All HUD Programs,1,,Yuma County,08125,126,96,119,99,6,15,1.4,170,313,385,14924,10447,3,23,39,20,16,16,3,82,30,93,61,1,14,66,13,49,33,29,1,17,13,69,9,8,-1,-1,-1,92,100.0,-1,8,-1,8,0,17,77,18,135,73,15,12,13,14,22,78,,,,,,CO,,,yuma co,8,92,0,0
2019-12-31 00:00:00,County,CO Colorado,CO Phillips County 08095,9,Summary of All HUD Programs,1,,Phillips County,08095,65,98,65,100,6,20,1.2,75,320,338,15629,13545,-1,19,33,27,22,14,-1,85,32,89,51,-1,6,62,5,41,23,27,2,17,15,66,8,9,2,2,-1,91,100.0,-1,5,2,6,2,5,67,-1,-1,92,2,6,5,7,20,87,,,,,,CO,,,phillips co,9,91,0,0
2019-12-31 00:00:00,County,CO Colorado,CO Gilpin County 08047,9,Summary of All HUD Programs,1,,Gilpin County,08047,24,79,21,100,6,5,1.3,27,330,812,12619,9815,-1,48,24,24,5,10,-1,90,19,100,95,-1,-1,52,-1,83,89,70,-1,24,33,43,-1,10,-1,5,-1,90,100.0,-1,5,-1,5,0,15,78,100,89,24,71,5,57,4,9,87,,,,,,CO,,,gilpin co,10,90,0,0
2019-12-31 00:00:00,County,CO Colorado,CO Chaffee County 08015,9,Summary of All HUD Programs,1,,Chaffee County,08015,127,92,123,100,6,12,1.2,150,312,604,14003,11483,1,39,28,17,16,4,1,94,29,94,66,2,4,71,6,87,37,44,1,11,20,68,10,11,-1,1,1,89,100.0,-1,8,1,9,0,28,99,63,58,75,20,6,15,8,10,82,,,,,,CO,,,chaffee co,11,89,0,0
2019-12-31 00:00:00,County,CO Colorado,CO San Miguel County 08113,9,Summary of All HUD Programs,1,,San Miguel County,08113,42,82,36,100,7,-1,1.5,54,361,812,15111,10074,3,29,23,23,23,36,-1,61,24,100,78,3,22,69,22,26,65,31,-1,28,25,47,-1,11,-1,-1,-1,89,100.0,3,8,-1,11,0,-1,107,69,91,47,22,31,33,11,14,57,,,,,,CO,,,san miguel co,11,89,0,0
2019-12-31 00:00:00,County,CO Colorado,CO Grand County 08049,9,Summary of All HUD Programs,1,,Grand County,08049,42,91,39,100,6,5,1.3,49,329,781,14172,11279,-1,13,45,34,8,8,3,87,25,100,72,-1,8,77,8,75,22,39,-1,8,33,59,8,13,3,-1,-1,87,100.0,-1,10,-1,10,0,-1,109,31,106,62,33,5,21,16,12,73,,,,,,CO,,,grand co,13,87,0,0
2019-12-31 00:00:00,County,CO Colorado,CO Elbert County 08039,9,Summary of All HUD Programs,1,,Elbert County,08039,16,82,14,100,7,21,2.1,29,380,812,17314,8358,8,8,15,31,38,7,-1,86,24,100,71,21,7,86,29,40,67,31,-1,21,14,64,21,14,-1,7,-1,86,100.0,-1,7,-1,7,0,13,66,86,135,21,36,43,50,6,8,88,,,,,,CO,,,elbert co,14,86,0,0
2019-12-31 00:00:00,County,CO Colorado,CO Sedgwick County 08115,9,Summary of All HUD Programs,1,,Sedgwick County,08115,54,96,52,100,6,13,1.8,94,337,405,16041,8874,4,22,16,24,33,40,2,52,30,87,48,6,23,50,23,49,20,27,8,33,31,29,-1,15,-1,-1,-1,85,100.0,-1,15,-1,15,0,13,59,4,87,54,25,21,10,17,14,80,,,,,,CO,,,sedgwick co,15,85,0,0
2019-12-31 00:00:00,County,CO Colorado,CO Crowley County 08025,9,Summary of All HUD Programs,1,,Crowley County,08025,37,94,35,100,6,17,1.4,49,272,435,11784,8417,-1,46,40,14,-1,3,-1,97,24,100,80,6,9,49,6,73,100,67,-1,17,14,69,3,23,-1,-1,-1,77,100.0,-1,20,3,23,0,11,70,20,186,77,9,14,6,28,42,76,,,,,,CO,,,crowley co,23,77,0,0
2019-12-31 00:00:00,County,CO Colorado,CO Bent County 08011,9,Summary of All HUD Programs,1,,Bent County,08011,143,90,133,100,6,22,1.9,250,295,480,12241,6512,11,38,26,12,14,17,8,74,23,98,79,8,21,67,23,50,67,34,2,35,31,32,5,41,4,-1,-1,59,100.0,-1,37,-1,37,0,5,65,73,146,36,38,26,30,23,41,79,,,,,,CO,,,bent co,41,59,0,0
2019-12-31 00:00:00,County,CO Colorado,CO Conejos County 08021,9,Summary of All HUD Programs,1,,Conejos County,08021,113,94,103,97,6,16,2.0,204,289,420,12540,6332,9,40,26,10,15,22,3,72,23,97,77,9,20,66,22,34,84,33,3,33,21,43,4,52,-1,1,-1,48,100.0,-1,51,-1,51,0,10,72,78,60,55,16,29,13,21,55,74,,,,,,CO,,,conejos co,52,48,0,0
2019-12-31 00:00:00,County,CO Colorado,CO Huerfano County 08055,9,Summary of All HUD Programs,1,,Huerfano County,08055,145,98,143,100,5,20,1.9,273,324,451,15657,8201,8,41,16,10,25,25,8,66,28,89,68,8,20,66,22,39,38,23,5,34,23,38,3,58,1,-1,1,42,100.0,-1,54,2,56,1,4,68,96,81,57,15,28,12,21,57,76,,,,,,CO,,,huerfano co,58,42,0,0
2019-12-31 00:00:00,County,CO Colorado,"CO Missing, Colorado 08XXX",9,Summary of All HUD Programs,1,,Missing County,08XXX,192,90,177,100,4,3,2.3,410,36,932,13388,5780,10,42,17,7,25,27,7,53,-1,-1,-1,7,40,73,40,34,72,19,5,57,24,14,2,63,33,2,-1,37,100.0,1,26,1,28,1,-1,36,7,109,73,15,12,6,-1,-1,-1,,,,,,CO,,,nan co,63,37,0,0
2019-12-31 00:00:00,County,CO Colorado,CO Alamosa County 08003,9,Summary of All HUD Programs,1,,Alamosa County,08003,271,95,260,100,5,22,2.1,546,324,497,13830,6586,7,34,24,16,18,30,7,60,25,97,69,8,38,75,39,44,72,28,10,41,18,31,2,65,2,5,0,35,100.0,0,56,2,58,0,29,69,89,82,42,30,28,11,25,55,50,,,,,,CO,,,alamosa co,65,35,0,0
2019-12-31 00:00:00,County,CO Colorado,CO Saguache County 08109,9,Summary of All HUD Programs,1,,Saguache County,08109,90,84,75,100,6,11,2.4,177,333,465,16328,6919,5,32,23,7,33,33,4,60,29,88,64,17,31,68,39,28,45,17,5,39,17,39,-1,71,-1,3,-1,29,100.0,-1,68,-1,68,0,3,82,47,135,27,40,33,17,17,56,71,,,,,,CO,,,saguache co,71,29,0,0
2019-12-31 00:00:00,County,CO Colorado,CO Costilla County 08023,9,Summary of All HUD Programs,1,,Costilla County,08023,57,100,57,100,5,23,2.5,143,279,533,12864,5128,18,42,12,9,19,40,5,54,22,95,75,21,42,67,49,22,55,13,12,53,16,19,2,84,2,-1,-1,16,100.0,-1,81,2,82,0,2,56,91,79,21,28,51,16,30,73,70,,,,,,CO,,,costilla co,84,16,0,0
2019-12-31 00:00:00,County,CO Colorado,CO Eagle County 08037,9,Summary of All HUD Programs,1,,Eagle County,08037,74,89,68,100,6,15,2.8,192,549,848,19818,7019,9,18,11,7,56,56,7,21,24,93,57,10,65,85,66,8,50,5,1,75,15,9,-1,84,-1,-1,1,16,100.0,-1,76,6,82,1,1,85,85,93,4,51,44,18,10,48,25,,,,,,CO,,,eagle co,84,16,0,0
